tests/core_inverse/test_affine_composition.py::test_composition_round_trip_and_explicit_compile[inverse-<lambda>0]
tests/core_inverse/test_affine_composition.py::test_composition_round_trip_and_explicit_compile[inverse-_shared]
tests/core_inverse/test_affine_composition.py::test_composition_round_trip_and_explicit_compile[inverse-<lambda>1]
tests/core_inverse/test_affine_composition.py::test_composition_round_trip_and_explicit_compile[inverse-_alternating]
tests/core_inverse/test_affine_composition.py::test_composition_round_trip_and_explicit_compile[inverse-_internal_shapes]
tests/core_inverse/test_affine_composition.py::test_composition_round_trip_and_explicit_compile[inverse-<lambda>2]
tests/core_inverse/test_affine_composition.py::test_composition_round_trip_and_explicit_compile[inverse-<lambda>3]
tests/core_inverse/test_affine_composition.py::test_composition_round_trip_and_explicit_compile[inverse-<lambda>4]
tests/core_inverse/test_affine_composition.py::test_composition_round_trip_and_explicit_compile[inverse_and_logabsdet-<lambda>0]
tests/core_inverse/test_affine_composition.py::test_composition_round_trip_and_explicit_compile[inverse_and_logabsdet-_shared]
tests/core_inverse/test_affine_composition.py::test_composition_round_trip_and_explicit_compile[inverse_and_logabsdet-<lambda>1]
tests/core_inverse/test_affine_composition.py::test_composition_round_trip_and_explicit_compile[inverse_and_logabsdet-_alternating]
tests/core_inverse/test_affine_composition.py::test_composition_round_trip_and_explicit_compile[inverse_and_logabsdet-_internal_shapes]
tests/core_inverse/test_affine_composition.py::test_composition_round_trip_and_explicit_compile[inverse_and_logabsdet-<lambda>2]
tests/core_inverse/test_affine_composition.py::test_composition_round_trip_and_explicit_compile[inverse_and_logabsdet-<lambda>3]
tests/core_inverse/test_affine_composition.py::test_composition_round_trip_and_explicit_compile[inverse_and_logabsdet-<lambda>4]
tests/core_inverse/test_affine_composition.py::test_dynamic_coefficients_vmap_and_differentiation[inverse]
tests/core_inverse/test_affine_composition.py::test_dynamic_coefficients_vmap_and_differentiation[inverse_and_logabsdet]
tests/core_inverse/test_affine_composition.py::test_nonlinear_residuals_do_not_enter_affine_solver[<lambda>0]
tests/core_inverse/test_affine_composition.py::test_nonlinear_residuals_do_not_enter_affine_solver[<lambda>1]
tests/core_inverse/test_affine_composition.py::test_nonlinear_residuals_do_not_enter_affine_solver[<lambda>2]
tests/core_inverse/test_affine_composition.py::test_nonlinear_residuals_do_not_enter_affine_solver[<lambda>3]
tests/core_inverse/test_affine_composition.py::test_affinity_requires_independent_control_operands[<lambda>-float32_0]
tests/core_inverse/test_affine_composition.py::test_affinity_requires_independent_control_operands[<lambda>-int32_0]
tests/core_inverse/test_affine_composition.py::test_affinity_requires_independent_control_operands[<lambda>-int32_1]
tests/core_inverse/test_affine_composition.py::test_affinity_requires_independent_control_operands[<lambda>-float32_1]
tests/core_inverse/test_affine_composition.py::test_known_nonlinear_coefficients_remain_affine
tests/core_inverse/test_affine_composition.py::test_boundary_mismatches_raise_before_inversion[<lambda>-value0-inverse]
tests/core_inverse/test_affine_composition.py::test_boundary_mismatches_raise_before_inversion[<lambda>-value0-inverse_and_logabsdet]
tests/core_inverse/test_affine_composition.py::test_boundary_mismatches_raise_before_inversion[<lambda>-value1-inverse]
tests/core_inverse/test_affine_composition.py::test_boundary_mismatches_raise_before_inversion[<lambda>-value1-inverse_and_logabsdet]
tests/core_inverse/test_affine_composition.py::test_boundary_mismatches_raise_before_inversion[<lambda>-value2-inverse]
tests/core_inverse/test_affine_composition.py::test_boundary_mismatches_raise_before_inversion[<lambda>-value2-inverse_and_logabsdet]
tests/core_inverse/test_affine_composition.py::test_boundary_mismatches_raise_before_inversion[<lambda>-value3-inverse]
tests/core_inverse/test_affine_composition.py::test_boundary_mismatches_raise_before_inversion[<lambda>-value3-inverse_and_logabsdet]
tests/core_inverse/test_affine_composition.py::test_boundary_mismatches_raise_before_inversion[<lambda>-value4-inverse]
tests/core_inverse/test_affine_composition.py::test_boundary_mismatches_raise_before_inversion[<lambda>-value4-inverse_and_logabsdet]
tests/core_inverse/test_affine_composition.py::test_analysis_is_lazy_and_cached_without_dynamic_values
tests/core_inverse/test_affine_composition.py::test_single_section_size_and_multiple_sections_do_not_rescan
tests/core_inverse/test_affine_composition.py::test_value_only_recovery_does_not_compute_determinants
tests/core_inverse/test_affine_composition.py::test_singular_section_stays_nonfinite[inverse]
tests/core_inverse/test_affine_composition.py::test_singular_section_stays_nonfinite[inverse_and_logabsdet]
tests/core_inverse/test_affine_composition.py::test_coupled_multiple_leaf_affine_fallback_is_preserved
tests/core_inverse/test_affine_composition.py::test_custom_inverse_contract_between_affine_sections
tests/core_inverse/test_affine_composition.py::test_repeated_jit_body_with_different_inputs_is_not_merged
tests/core_inverse/test_affine_composition.py::test_normalization_preserves_custom_inverse_calls
tests/core_inverse/test_array_rules.py::test_inverse_gather_permutation
tests/core_inverse/test_array_rules.py::test_inverse_gather_duplicate_indices
tests/core_inverse/test_array_rules.py::test_inverse_gather_omitted_indices
tests/core_inverse/test_array_rules.py::test_logabsdet_gather_permutation
tests/core_inverse/test_array_rules.py::test_inverse_scatter_update
tests/core_inverse/test_array_rules.py::test_inverse_scatter_overwrite_nonconstant
tests/core_inverse/test_array_rules.py::test_inverse_strided_slice
tests/core_inverse/test_array_rules.py::test_inverse_squeeze_broadcast
tests/core_inverse/test_array_rules.py::test_inverse_rev_reshape
tests/core_inverse/test_array_rules.py::test_inverse_transpose[inverse]
tests/core_inverse/test_array_rules.py::test_inverse_transpose[inverse_and_logabsdet]
tests/core_inverse/test_array_rules.py::test_logabsdet_nested_jit_flip
tests/core_inverse/test_array_rules.py::test_logabsdet_transpose_chain
tests/core_inverse/test_array_rules.py::test_inverse_broadcast_scalar_to_vector_consistent
tests/core_inverse/test_array_rules.py::test_inverse_broadcast_scalar_to_vector_inconsistent
tests/core_inverse/test_array_rules.py::test_inverse_and_logabsdet_broadcast_is_undefined
tests/core_inverse/test_array_rules.py::test_inverse_convert_element_type_widen
tests/core_inverse/test_array_rules.py::test_inverse_bitcast_convert_type
tests/core_inverse/test_array_rules.py::test_inverse_convert_element_type_narrowing
tests/core_inverse/test_array_rules.py::test_inverse_invalid_exact_conversion_raises
tests/core_inverse/test_array_rules.py::test_inverse_split
tests/core_inverse/test_array_rules.py::test_inverse_and_logabsdet_split_rule
tests/core_inverse/test_array_rules.py::test_inverse_and_logabsdet_squeeze_rule
tests/core_inverse/test_array_rules.py::test_logabsdet_reshape_chain
tests/core_inverse/test_array_rules.py::test_logabsdet_rearrangements_are_zero[reshape-<lambda>-y0]
tests/core_inverse/test_array_rules.py::test_logabsdet_rearrangements_are_zero[ravel-<lambda>-y1]
tests/core_inverse/test_array_rules.py::test_logabsdet_rearrangements_are_zero[concatenate-<lambda>-y2]
tests/core_inverse/test_array_rules.py::test_logabsdet_rearrangements_are_zero[concat_with_passthrough-<lambda>-y3]
tests/core_inverse/test_array_rules.py::test_logabsdet_rearrangements_are_zero[slice-<lambda>-y4]
tests/core_inverse/test_array_rules.py::test_logabsdet_rearrangements_are_zero[transpose-<lambda>-y5]
tests/core_inverse/test_array_rules.py::test_logabsdet_dynamic_slice_is_refused
tests/core_inverse/test_array_rules.py::test_logabsdet_scatter_is_zero
tests/core_inverse/test_array_rules.py::test_logabsdet_shape_expanding_scatter_is_refused
tests/core_inverse/test_array_rules.py::test_logabsdet_convert_element_type_is_zero
tests/core_inverse/test_array_rules.py::test_logabsdet_bitcast_is_zero
tests/core_inverse/test_array_rules.py::test_logabsdet_conj_is_zero
tests/core_inverse/test_array_rules.py::test_fft_roundtrip_and_logdet
tests/core_inverse/test_array_rules.py::test_rfft_declines_to_nan
tests/core_inverse/test_array_rules.py::test_maximum_recovers_the_active_side
tests/core_inverse/test_array_rules.py::test_minimum_recovers_the_active_side
tests/core_inverse/test_array_rules.py::test_scatter_add_roundtrip_and_logdet
tests/core_inverse/test_array_rules.py::test_logabsdet_projection_is_nan[real]
tests/core_inverse/test_array_rules.py::test_logabsdet_projection_is_nan[imag]
tests/core_inverse/test_atomic.py::test_atomic_roundtrip[sin]
tests/core_inverse/test_atomic.py::test_atomic_roundtrip[asin]
tests/core_inverse/test_atomic.py::test_atomic_roundtrip[cos]
tests/core_inverse/test_atomic.py::test_atomic_roundtrip[acos]
tests/core_inverse/test_atomic.py::test_atomic_roundtrip[tan]
tests/core_inverse/test_atomic.py::test_atomic_roundtrip[atan]
tests/core_inverse/test_atomic.py::test_atomic_roundtrip[tanh]
tests/core_inverse/test_atomic.py::test_atomic_roundtrip[sinh]
tests/core_inverse/test_atomic.py::test_atomic_roundtrip[asinh]
tests/core_inverse/test_atomic.py::test_atomic_roundtrip[acosh]
tests/core_inverse/test_atomic.py::test_atomic_roundtrip[atanh]
tests/core_inverse/test_atomic.py::test_atomic_roundtrip[exp]
tests/core_inverse/test_atomic.py::test_atomic_roundtrip[exp2]
tests/core_inverse/test_atomic.py::test_atomic_roundtrip[log]
tests/core_inverse/test_atomic.py::test_atomic_roundtrip[log1p]
tests/core_inverse/test_atomic.py::test_atomic_roundtrip[expm1]
tests/core_inverse/test_atomic.py::test_atomic_roundtrip[sqrt]
tests/core_inverse/test_atomic.py::test_atomic_roundtrip[rsqrt]
tests/core_inverse/test_atomic.py::test_atomic_roundtrip[cbrt]
tests/core_inverse/test_atomic.py::test_atomic_roundtrip[neg]
tests/core_inverse/test_atomic.py::test_atomic_roundtrip[copy]
tests/core_inverse/test_atomic.py::test_atomic_roundtrip[erf]
tests/core_inverse/test_atomic.py::test_atomic_roundtrip[erf_inv]
tests/core_inverse/test_atomic.py::test_atomic_roundtrip[conj]
tests/core_inverse/test_atomic.py::test_atomic_roundtrip[logistic]
tests/core_inverse/test_atomic.py::test_atomic_roundtrip[add]
tests/core_inverse/test_atomic.py::test_atomic_roundtrip[sub]
tests/core_inverse/test_atomic.py::test_atomic_roundtrip[mul]
tests/core_inverse/test_atomic.py::test_atomic_roundtrip[div]
tests/core_inverse/test_atomic.py::test_atomic_roundtrip[pow]
tests/core_inverse/test_atomic.py::test_principal_branch_roundtrip[integer_pow_even]
tests/core_inverse/test_atomic.py::test_principal_branch_roundtrip[cosh]
tests/core_inverse/test_atomic.py::test_atomic_logdet[exp]
tests/core_inverse/test_atomic.py::test_atomic_logdet[log]
tests/core_inverse/test_atomic.py::test_atomic_logdet[neg]
tests/core_inverse/test_atomic.py::test_atomic_logdet[copy]
tests/core_inverse/test_atomic.py::test_atomic_logdet[sqrt]
tests/core_inverse/test_atomic.py::test_atomic_logdet[cbrt]
tests/core_inverse/test_atomic.py::test_atomic_logdet[tanh]
tests/core_inverse/test_atomic.py::test_atomic_logdet[log1p]
tests/core_inverse/test_atomic.py::test_atomic_logdet[expm1]
tests/core_inverse/test_atomic.py::test_atomic_logdet[logistic]
tests/core_inverse/test_atomic.py::test_atomic_logdet[add]
tests/core_inverse/test_atomic.py::test_atomic_logdet[sub]
tests/core_inverse/test_atomic.py::test_atomic_logdet[mul]
tests/core_inverse/test_atomic.py::test_atomic_logdet[div]
tests/core_inverse/test_atomic.py::test_atomic_logdet[sin]
tests/core_inverse/test_atomic.py::test_atomic_logdet[cos]
tests/core_inverse/test_atomic.py::test_atomic_logdet[tan]
tests/core_inverse/test_atomic.py::test_atomic_logdet[asin]
tests/core_inverse/test_atomic.py::test_atomic_logdet[acos]
tests/core_inverse/test_atomic.py::test_atomic_logdet[atan]
tests/core_inverse/test_atomic.py::test_atomic_logdet[sinh]
tests/core_inverse/test_atomic.py::test_atomic_logdet[cosh]
tests/core_inverse/test_atomic.py::test_atomic_logdet[asinh]
tests/core_inverse/test_atomic.py::test_atomic_logdet[acosh]
tests/core_inverse/test_atomic.py::test_atomic_logdet[atanh]
tests/core_inverse/test_atomic.py::test_atomic_logdet[erf]
tests/core_inverse/test_atomic.py::test_atomic_logdet[erf_inv]
tests/core_inverse/test_atomic.py::test_atomic_logdet[rsqrt]
tests/core_inverse/test_atomic.py::test_atomic_logdet[exp2]
tests/core_inverse/test_atomic.py::test_atomic_logdet[integer_pow]
tests/core_inverse/test_atomic.py::test_atomic_logdet[pow]
tests/core_inverse/test_atomic.py::test_invalid_output_nan[sqrt_negative]
tests/core_inverse/test_atomic.py::test_invalid_output_nan[tanh_out_of_range]
tests/core_inverse/test_atomic.py::test_invalid_output_nan[logistic_out_of_range]
tests/core_inverse/test_atomic.py::test_invalid_output_nan[asin_out_of_range]
tests/core_inverse/test_atomic.py::test_invalid_output_nan[acos_out_of_range]
tests/core_inverse/test_atomic.py::test_invalid_output_logdet_is_nan[sqrt_negative]
tests/core_inverse/test_atomic.py::test_invalid_output_logdet_is_nan[tanh_out_of_range]
tests/core_inverse/test_atomic.py::test_invalid_output_logdet_is_nan[logistic_out_of_range]
tests/core_inverse/test_atomic.py::test_invalid_output_logdet_is_nan[asin_out_of_range]
tests/core_inverse/test_atomic.py::test_invalid_output_logdet_is_nan[acos_out_of_range]
tests/core_inverse/test_atomic.py::test_structurally_noninjective_returns_nan[integer_pow_zero]
tests/core_inverse/test_atomic.py::test_structurally_noninjective_returns_nan[real_discards_imag]
tests/core_inverse/test_atomic.py::test_structurally_noninjective_returns_nan[imag_discards_real]
tests/core_inverse/test_atomic.py::test_autodiff_fallback_logdet[pow-<lambda>]
tests/core_inverse/test_atomic.py::test_autodiff_fallback_logdet[tan-tan]
tests/core_inverse/test_atomic.py::test_binary_logdet_direction_isolation[mul]
tests/core_inverse/test_atomic.py::test_binary_logdet_direction_isolation[div]
tests/core_inverse/test_atomic.py::test_binary_logdet_direction_isolation[add]
tests/core_inverse/test_atomic.py::test_binary_logdet_direction_isolation[c_sub_x]
tests/core_inverse/test_atomic.py::test_binary_logdet_direction_isolation[x_sub_c]
tests/core_inverse/test_control_flow.py::test_inverse_cond_with_known_branch
tests/core_inverse/test_control_flow.py::test_inverse_switch_with_known_branch_index
tests/core_inverse/test_control_flow.py::test_inverse_and_logabsdet_cond_with_known_branch
tests/core_inverse/test_control_flow.py::test_logabsdet_cond_then_exp_does_not_double_count
tests/core_inverse/test_control_flow.py::test_inverse_cond_under_jit
tests/core_inverse/test_control_flow.py::test_inverse_switch_under_jit
tests/core_inverse/test_control_flow.py::test_inverse_and_logabsdet_cond_under_jit
tests/core_inverse/test_control_flow.py::test_inverse_and_logabsdet_switch_under_jit
tests/core_inverse/test_control_flow.py::test_inverse_and_logabsdet_identity_cond_branch_under_jit
tests/core_inverse/test_control_flow.py::test_nested_runtime_control_flow_under_jit
tests/core_inverse/test_control_flow.py::test_inverse_scan_carry_only
tests/core_inverse/test_control_flow.py::test_inverse_scan_with_outputs_rule_level
tests/core_inverse/test_control_flow.py::test_inverse_and_logabsdet_scan_carry_only
tests/core_inverse/test_control_flow.py::test_inverse_scan_reverse_true
tests/core_inverse/test_control_flow.py::test_inverse_scan_zero_length
tests/core_inverse/test_control_flow.py::test_inverse_scan_multiple_carries
tests/core_inverse/test_control_flow.py::test_inverse_scan_with_outputs_logdet_rejects
tests/core_inverse/test_control_flow.py::test_inverse_while_rule_level
tests/core_inverse/test_control_flow.py::test_inverse_and_logabsdet_while_rule_level
tests/core_inverse/test_control_flow.py::test_inverse_while_public_wrapper
tests/core_inverse/test_control_flow.py::test_inverse_while_zero_iterations
tests/core_inverse/test_control_flow.py::test_inverse_while_no_anchor
tests/core_inverse/test_control_flow.py::test_inverse_while_ambiguous_anchor
tests/core_inverse/test_custom_inverse.py::test_inverse_of_custom_inverse_returns_custom_inverse
tests/core_inverse/test_custom_inverse.py::test_inverse_of_custom_inverse_logdet_priority_and_fallback
tests/core_inverse/test_custom_inverse.py::test_inverse_of_custom_inverse_respects_configuration_guards
tests/core_inverse/test_custom_inverse.py::test_inverse_of_custom_inverse_requires_registered_inverse
tests/core_inverse/test_custom_inverse.py::test_inverse_vmap_custom_inverse
tests/core_inverse/test_custom_inverse.py::test_inverse_and_logabsdet_vmap_custom_inverse_logdet
tests/core_inverse/test_custom_inverse.py::test_inverse_vmap_custom_inverse_nonzero_axis
tests/core_inverse/test_custom_inverse.py::test_inverse_and_logabsdet_vmap_custom_inverse_nonzero_axis
tests/core_inverse/test_custom_inverse.py::test_custom_inverse_multi_output
tests/core_inverse/test_custom_inverse.py::test_custom_inverse_changes_pytree_structure
tests/core_inverse/test_custom_inverse.py::test_custom_inverse_multi_output_nested_vmap
tests/core_inverse/test_custom_inverse.py::test_custom_inverse_vmap_mixed_target_axes_logdet
tests/core_inverse/test_custom_inverse.py::test_custom_inverse_negative_static_argnum
tests/core_inverse/test_custom_inverse.py::test_custom_inverse_vector_logdet_reduction
tests/core_inverse/test_custom_inverse.py::test_custom_inverse_definv_nan_logdet
tests/core_inverse/test_custom_inverse.py::test_custom_inverse_jvp_matches_analytical
tests/core_inverse/test_custom_inverse.py::test_custom_inverse_re_registration_invalidates_cache
tests/core_inverse/test_custom_inverse.py::test_inverse_wrapper_cache_across_signatures
tests/core_inverse/test_custom_inverse.py::test_invertible_arg_negative_and_invalid
tests/core_inverse/test_custom_inverse.py::test_inverse_static_argnums_success
tests/core_inverse/test_custom_inverse.py::test_inverse_and_logabsdet_static_argnums_success
tests/core_inverse/test_custom_inverse.py::test_inverse_apis_support_multiple_and_negative_static_argnums
tests/core_inverse/test_custom_inverse.py::test_inverse_kwargs_scale_shift
tests/core_inverse/test_custom_inverse.py::test_inverse_and_logabsdet_kwargs
tests/core_inverse/test_custom_inverse.py::test_inverse_pytree_dict_input
tests/core_inverse/test_custom_inverse.py::test_inverse_unresolved_target_returns_nan
tests/core_inverse/test_dot_general.py::test_inverse_dot_general_lhs
tests/core_inverse/test_dot_general.py::test_inverse_dot_general_rhs
tests/core_inverse/test_dot_general.py::test_inverse_dot_general_non_square_returns_nan
tests/core_inverse/test_dot_general.py::test_inverse_and_logabsdet_dot_general_lhs
tests/core_inverse/test_dot_general.py::test_inverse_and_logabsdet_dot_general_rhs
tests/core_inverse/test_dot_general.py::test_inverse_and_logabsdet_dot_general_non_square_returns_nan
tests/core_inverse/test_dot_general.py::test_logabsdet_dot_general_then_exp_does_not_double_count
tests/core_inverse/test_inverse_optimization.py::test_elementwise_fanout_emits_only_the_handwritten_inverse
tests/core_inverse/test_inverse_optimization.py::test_large_elementwise_section_never_constructs_a_jacobian[inverse]
tests/core_inverse/test_inverse_optimization.py::test_large_elementwise_section_never_constructs_a_jacobian[inverse_and_logabsdet]
tests/core_inverse/test_inverse_optimization.py::test_broadcast_coefficients_and_reshapes_have_correct_multiplicity
tests/core_inverse/test_inverse_optimization.py::test_cached_normalized_graph_and_schedule_skip_queue_building[False]
tests/core_inverse/test_inverse_optimization.py::test_cached_normalized_graph_and_schedule_skip_queue_building[True]
tests/core_inverse/test_inverse_optimization.py::test_zero_diagonal_coefficients_report_invalid_coordinates
tests/core_inverse/test_inverse_optimization.py::test_schedule_replay_falls_back_when_a_rule_changes_knownness
tests/core_inverse/test_inverse_optimization.py::test_float32_coefficients_remain_float32_with_x64_enabled
tests/core_inverse/test_known_gaps.py::test_fori_loop_of_translations
tests/core_inverse/test_known_gaps.py::test_bounded_while_loop
tests/core_inverse/test_known_gaps.py::test_scan_with_a_counter_carry
tests/core_inverse/test_known_gaps.py::test_lax_map_of_an_affine_map
tests/core_inverse/test_known_gaps.py::test_cond_with_a_recoverable_branch
tests/core_inverse/test_known_gaps.py::test_tile_without_template
tests/core_inverse/test_known_gaps.py::test_concatenate_of_a_variable_with_itself_without_template
tests/core_inverse/test_known_gaps.py::test_pad_without_template
tests/core_inverse/test_known_gaps.py::test_maximum_plus_minimum_is_the_identity
tests/core_inverse/test_known_gaps.py::test_structure_changing_split_without_template
tests/core_inverse/test_partial_propagation.py::test_inverse_disjoint_slices_scheduling
tests/core_inverse/test_partial_propagation.py::test_inverse_partial_slice_then_forward
tests/core_inverse/test_partial_propagation.py::test_inverse_inconsistent_complete_input_output
tests/core_inverse/test_partial_propagation.py::test_inverse_uniform_select_n
tests/core_inverse/test_partial_propagation.py::test_inverse_nonuniform_select_n
tests/core_inverse/test_partial_propagation.py::test_logabsdet_select_n_is_zero
tests/core_inverse/test_registry_coverage.py::test_manual_coverage_points_to_collected_tests
tests/core_inverse/test_registry_coverage.py::test_all_inverse_primitives_have_executable_cases
tests/core_inverse/test_registry_coverage.py::test_all_inverse_logdet_primitives_have_executable_cases
tests/core_inverse/test_volume_preservation.py::test_translations_and_sign_flips_preserve_volume
tests/core_inverse/test_volume_preservation.py::test_unit_scalings_preserve_volume
tests/core_inverse/test_volume_preservation.py::test_rearrangements_preserve_volume
tests/core_inverse/test_volume_preservation.py::test_nested_jit_is_transparent
tests/core_inverse/test_volume_preservation.py::test_static_mask_pick_stays_on_the_general_path
tests/core_inverse/test_volume_preservation.py::test_scaling_disqualifies
tests/core_inverse/test_volume_preservation.py::test_target_dependent_scale_disqualifies
tests/core_inverse/test_volume_preservation.py::test_size_changing_ops_disqualify
tests/core_inverse/test_volume_preservation.py::test_index_dependent_ops_disqualify
tests/core_inverse/test_volume_preservation.py::test_target_dependent_selector_disqualifies
tests/core_inverse/test_volume_preservation.py::test_nonlinear_and_coupled_ops_disqualify
tests/core_inverse/test_volume_preservation.py::test_scan_body_is_not_descended_into
tests/core_inverse/test_volume_preservation.py::test_empty_targets_are_not_volume_preserving
tests/test_adaptive_defaults.py::test_without_a_data_hint_the_rule_is_the_measured_default
tests/test_adaptive_defaults.py::test_width_grows_with_data_not_with_dimension
tests/test_adaptive_defaults.py::test_width_is_capped_by_the_output_size
tests/test_adaptive_defaults.py::test_width_is_clipped_and_well_formed
tests/test_adaptive_defaults.py::test_explicit_sequence_wins_over_the_rule
tests/test_adaptive_defaults.py::test_a_custom_callable_is_honoured
tests/test_adaptive_defaults.py::test_resolve_rejects_degenerate_widths
tests/test_adaptive_defaults.py::test_the_hint_reaches_the_built_flow
tests/test_adaptive_defaults.py::test_the_hint_reaches_the_built_ar_model
tests/test_adaptive_defaults.py::test_auto_batch_size_and_step_count
tests/test_adaptive_defaults.py::test_standardisation_rescues_badly_scaled_data[flow]
tests/test_adaptive_defaults.py::test_standardisation_rescues_badly_scaled_data[ar]
tests/test_adaptive_defaults.py::test_standardised_logpdf_is_a_density_in_the_original_space
tests/test_adaptive_defaults.py::test_samples_come_back_in_the_original_units
tests/test_adaptive_defaults.py::test_standardisation_is_fitted_once_and_only_once
tests/test_adaptive_defaults.py::test_standardization_can_be_set_explicitly_and_is_validated
tests/test_adaptive_defaults.py::test_disabled_standardisation_leaves_the_model_untouched
tests/test_adaptive_defaults.py::test_constant_columns_do_not_divide_by_zero
tests/test_adaptive_defaults.py::test_discrete_heads_do_not_standardise
tests/test_attention.py::test_mha_flash_forward_or_expected_incompatibility
tests/test_attention.py::test_mha_flash_residuals_or_expected_incompatibility
tests/test_attention.py::test_mha_flash_named_sharding_jit_forward_and_grad_or_expected_incompatibility
tests/test_attention.py::test_attention_forward_mode_jvp_matches_reference
tests/test_attention.py::test_flex_attention_named_sharding_jit_forward_grad_and_jvp
tests/test_attention.py::test_flex_attention_named_sharding_jit_without_set_mesh_avoids_all_gathers
tests/test_attention.py::test_attention_functions[2-16-4-16-dot_product_attention]
tests/test_attention.py::test_attention_functions[2-16-4-16-flex_attention]
tests/test_attention.py::test_attention_functions[4-128-8-32-dot_product_attention]
tests/test_attention.py::test_attention_functions[4-128-8-32-flex_attention]
tests/test_attention.py::test_attention_functions[1-256-2-8-dot_product_attention]
tests/test_attention.py::test_attention_functions[1-256-2-8-flex_attention]
tests/test_attention.py::test_attention_functions[3-50-8-32-dot_product_attention]
tests/test_attention.py::test_attention_functions[3-50-8-32-flex_attention]
tests/test_attention.py::test_attention_function_outputs_are_same[2-16-4-16]
tests/test_attention.py::test_attention_function_outputs_are_same[4-128-8-32]
tests/test_attention.py::test_attention_function_outputs_are_same[1-256-2-8]
tests/test_attention.py::test_attention_function_outputs_are_same[3-50-8-32]
tests/test_attention.py::test_attention_function_outputs_are_same[1-1024-16-64]
tests/test_attention.py::test_attention_function_outputs_are_same[1-2048-10-64]
tests/test_attention.py::test_attention_function_outputs_are_same[1-1333-12-64]
tests/test_attention.py::test_attention_function_outputs_are_same[1-256-4-30]
tests/test_attention.py::test_attention_function_outputs_are_same[1-512-8-100]
tests/test_attention.py::test_attention_function_gradients_are_same[2-16-4-16]
tests/test_attention.py::test_attention_function_gradients_are_same[4-128-8-32]
tests/test_attention.py::test_attention_function_gradients_are_same[1-256-2-8]
tests/test_attention.py::test_attention_function_gradients_are_same[3-50-8-32]
tests/test_attention.py::test_attention_function_gradients_are_same[1-1024-16-64]
tests/test_attention.py::test_attention_function_gradients_are_same[1-2048-10-64]
tests/test_attention.py::test_attention_function_gradients_are_same[1-1333-12-64]
tests/test_attention.py::test_attention_function_gradients_are_same[1-256-4-30]
tests/test_attention.py::test_attention_function_gradients_are_same[1-512-8-100]
tests/test_attention.py::test_attention_with_dropout[materialize-2-16-4-16]
tests/test_attention.py::test_attention_with_dropout[materialize-4-128-8-32]
tests/test_attention.py::test_attention_with_dropout[materialize-1-256-2-8]
tests/test_attention.py::test_attention_with_dropout[materialize-3-50-8-32]
tests/test_attention.py::test_attention_with_dropout[materialize-1-1024-16-64]
tests/test_attention.py::test_attention_with_dropout[materialize-1-2048-10-64]
tests/test_attention.py::test_attention_with_dropout[materialize-1-1333-12-64]
tests/test_attention.py::test_attention_with_dropout[materialize-1-256-4-30]
tests/test_attention.py::test_attention_with_dropout[materialize-1-512-8-100]
tests/test_attention.py::test_attention_with_dropout[counter-2-16-4-16]
tests/test_attention.py::test_attention_with_dropout[counter-4-128-8-32]
tests/test_attention.py::test_attention_with_dropout[counter-1-256-2-8]
tests/test_attention.py::test_attention_with_dropout[counter-3-50-8-32]
tests/test_attention.py::test_attention_with_dropout[counter-1-1024-16-64]
tests/test_attention.py::test_attention_with_dropout[counter-1-2048-10-64]
tests/test_attention.py::test_attention_with_dropout[counter-1-1333-12-64]
tests/test_attention.py::test_attention_with_dropout[counter-1-256-4-30]
tests/test_attention.py::test_attention_with_dropout[counter-1-512-8-100]
tests/test_attention.py::test_attention_with_masks[CausalMask-2-16-4-16]
tests/test_attention.py::test_attention_with_masks[CausalMask-4-128-8-32]
tests/test_attention.py::test_attention_with_masks[CausalMask-1-256-2-8]
tests/test_attention.py::test_attention_with_masks[CausalMask-3-50-8-32]
tests/test_attention.py::test_attention_with_masks[CausalMask-1-1024-16-64]
tests/test_attention.py::test_attention_with_masks[CausalMask-1-2048-10-64]
tests/test_attention.py::test_attention_with_masks[CausalMask-1-1333-12-64]
tests/test_attention.py::test_attention_with_masks[CausalMask-1-256-4-30]
tests/test_attention.py::test_attention_with_masks[CausalMask-1-512-8-100]
tests/test_attention.py::test_attention_with_masks[LocalWindowMask-2-16-4-16]
tests/test_attention.py::test_attention_with_masks[LocalWindowMask-4-128-8-32]
tests/test_attention.py::test_attention_with_masks[LocalWindowMask-1-256-2-8]
tests/test_attention.py::test_attention_with_masks[LocalWindowMask-3-50-8-32]
tests/test_attention.py::test_attention_with_masks[LocalWindowMask-1-1024-16-64]
tests/test_attention.py::test_attention_with_masks[LocalWindowMask-1-2048-10-64]
tests/test_attention.py::test_attention_with_masks[LocalWindowMask-1-1333-12-64]
tests/test_attention.py::test_attention_with_masks[LocalWindowMask-1-256-4-30]
tests/test_attention.py::test_attention_with_masks[LocalWindowMask-1-512-8-100]
tests/test_attention.py::test_attention_with_masks[NoMask-2-16-4-16]
tests/test_attention.py::test_attention_with_masks[NoMask-4-128-8-32]
tests/test_attention.py::test_attention_with_masks[NoMask-1-256-2-8]
tests/test_attention.py::test_attention_with_masks[NoMask-3-50-8-32]
tests/test_attention.py::test_attention_with_masks[NoMask-1-1024-16-64]
tests/test_attention.py::test_attention_with_masks[NoMask-1-2048-10-64]
tests/test_attention.py::test_attention_with_masks[NoMask-1-1333-12-64]
tests/test_attention.py::test_attention_with_masks[NoMask-1-256-4-30]
tests/test_attention.py::test_attention_with_masks[NoMask-1-512-8-100]
tests/test_attention.py::test_attention_with_masks[KeyPaddingMask-2-16-4-16]
tests/test_attention.py::test_attention_with_masks[KeyPaddingMask-4-128-8-32]
tests/test_attention.py::test_attention_with_masks[KeyPaddingMask-1-256-2-8]
tests/test_attention.py::test_attention_with_masks[KeyPaddingMask-3-50-8-32]
tests/test_attention.py::test_attention_with_masks[KeyPaddingMask-1-1024-16-64]
tests/test_attention.py::test_attention_with_masks[KeyPaddingMask-1-2048-10-64]
tests/test_attention.py::test_attention_with_masks[KeyPaddingMask-1-1333-12-64]
tests/test_attention.py::test_attention_with_masks[KeyPaddingMask-1-256-4-30]
tests/test_attention.py::test_attention_with_masks[KeyPaddingMask-1-512-8-100]
tests/test_attention.py::test_attention_with_masks[QKVLengthMask-2-16-4-16]
tests/test_attention.py::test_attention_with_masks[QKVLengthMask-4-128-8-32]
tests/test_attention.py::test_attention_with_masks[QKVLengthMask-1-256-2-8]
tests/test_attention.py::test_attention_with_masks[QKVLengthMask-3-50-8-32]
tests/test_attention.py::test_attention_with_masks[QKVLengthMask-1-1024-16-64]
tests/test_attention.py::test_attention_with_masks[QKVLengthMask-1-2048-10-64]
tests/test_attention.py::test_attention_with_masks[QKVLengthMask-1-1333-12-64]
tests/test_attention.py::test_attention_with_masks[QKVLengthMask-1-256-4-30]
tests/test_attention.py::test_attention_with_masks[QKVLengthMask-1-512-8-100]
tests/test_attention.py::test_attention_with_masks[MarginalizationMask-2-16-4-16]
tests/test_attention.py::test_attention_with_masks[MarginalizationMask-4-128-8-32]
tests/test_attention.py::test_attention_with_masks[MarginalizationMask-1-256-2-8]
tests/test_attention.py::test_attention_with_masks[MarginalizationMask-3-50-8-32]
tests/test_attention.py::test_attention_with_masks[MarginalizationMask-1-1024-16-64]
tests/test_attention.py::test_attention_with_masks[MarginalizationMask-1-2048-10-64]
tests/test_attention.py::test_attention_with_masks[MarginalizationMask-1-1333-12-64]
tests/test_attention.py::test_attention_with_masks[MarginalizationMask-1-256-4-30]
tests/test_attention.py::test_attention_with_masks[MarginalizationMask-1-512-8-100]
tests/test_attention.py::test_attention_with_bias[2-16-4-16]
tests/test_attention.py::test_attention_with_bias[4-128-8-32]
tests/test_attention.py::test_attention_with_bias[1-256-2-8]
tests/test_attention.py::test_attention_with_bias[3-50-8-32]
tests/test_attention.py::test_attention_with_bias[1-1024-16-64]
tests/test_attention.py::test_attention_with_bias[1-2048-10-64]
tests/test_attention.py::test_attention_with_bias[1-1333-12-64]
tests/test_attention.py::test_attention_with_bias[1-256-4-30]
tests/test_attention.py::test_attention_with_bias[1-512-8-100]
tests/test_attention.py::test_attention_with_stateless_bias_objects_equivalence[bias_obj0-2-16-4-16]
tests/test_attention.py::test_attention_with_stateless_bias_objects_equivalence[bias_obj0-1-64-2-8]
tests/test_attention.py::test_attention_with_stateless_bias_objects_equivalence[bias_obj1-2-16-4-16]
tests/test_attention.py::test_attention_with_stateless_bias_objects_equivalence[bias_obj1-1-64-2-8]
tests/test_attention.py::test_attention_with_stateless_bias_objects_equivalence[bias_obj2-2-16-4-16]
tests/test_attention.py::test_attention_with_stateless_bias_objects_equivalence[bias_obj2-1-64-2-8]
tests/test_attention.py::test_attention_with_stateless_bias_objects_equivalence[bias_obj3-2-16-4-16]
tests/test_attention.py::test_attention_with_stateless_bias_objects_equivalence[bias_obj3-1-64-2-8]
tests/test_attention.py::test_attention_with_stateless_bias_objects_equivalence[bias_obj4-2-16-4-16]
tests/test_attention.py::test_attention_with_stateless_bias_objects_equivalence[bias_obj4-1-64-2-8]
tests/test_attention.py::test_attention_with_bias_gradients[2-16-4-16]
tests/test_attention.py::test_attention_with_bias_gradients[4-128-8-32]
tests/test_attention.py::test_attention_with_bias_gradients[1-256-2-8]
tests/test_attention.py::test_attention_with_bias_gradients[3-50-8-32]
tests/test_attention.py::test_attention_with_bias_gradients[1-1024-16-64]
tests/test_attention.py::test_attention_with_bias_gradients[1-2048-10-64]
tests/test_attention.py::test_attention_with_bias_gradients[1-1333-12-64]
tests/test_attention.py::test_attention_with_bias_gradients[1-256-4-30]
tests/test_attention.py::test_attention_with_bias_gradients[1-512-8-100]
tests/test_attention.py::test_attention_with_stateless_bias_gradients[2-16-4-16-bias_obj0]
tests/test_attention.py::test_attention_with_stateless_bias_gradients[1-64-2-8-bias_obj1]
tests/test_attention.py::test_attention_with_stateless_bias_gradients[1-64-2-8-bias_obj2]
tests/test_attention.py::test_attention_with_stateless_bias_gradients[1-64-2-8-bias_obj3]
tests/test_attention.py::test_attention_with_stateless_bias_gradients[1-64-2-8-bias_obj4]
tests/test_attention.py::test_attention_gradient_with_masks[CausalMask-2-16-4-16]
tests/test_attention.py::test_attention_gradient_with_masks[CausalMask-4-128-8-32]
tests/test_attention.py::test_attention_gradient_with_masks[CausalMask-1-256-2-8]
tests/test_attention.py::test_attention_gradient_with_masks[CausalMask-3-50-8-32]
tests/test_attention.py::test_attention_gradient_with_masks[CausalMask-1-1024-16-64]
tests/test_attention.py::test_attention_gradient_with_masks[CausalMask-1-2048-10-64]
tests/test_attention.py::test_attention_gradient_with_masks[CausalMask-1-1333-12-64]
tests/test_attention.py::test_attention_gradient_with_masks[CausalMask-1-256-4-30]
tests/test_attention.py::test_attention_gradient_with_masks[CausalMask-1-512-8-100]
tests/test_attention.py::test_attention_gradient_with_masks[LocalWindowMask-2-16-4-16]
tests/test_attention.py::test_attention_gradient_with_masks[LocalWindowMask-4-128-8-32]
tests/test_attention.py::test_attention_gradient_with_masks[LocalWindowMask-1-256-2-8]
tests/test_attention.py::test_attention_gradient_with_masks[LocalWindowMask-3-50-8-32]
tests/test_attention.py::test_attention_gradient_with_masks[LocalWindowMask-1-1024-16-64]
tests/test_attention.py::test_attention_gradient_with_masks[LocalWindowMask-1-2048-10-64]
tests/test_attention.py::test_attention_gradient_with_masks[LocalWindowMask-1-1333-12-64]
tests/test_attention.py::test_attention_gradient_with_masks[LocalWindowMask-1-256-4-30]
tests/test_attention.py::test_attention_gradient_with_masks[LocalWindowMask-1-512-8-100]
tests/test_attention.py::test_attention_gradient_with_masks[NoMask-2-16-4-16]
tests/test_attention.py::test_attention_gradient_with_masks[NoMask-4-128-8-32]
tests/test_attention.py::test_attention_gradient_with_masks[NoMask-1-256-2-8]
tests/test_attention.py::test_attention_gradient_with_masks[NoMask-3-50-8-32]
tests/test_attention.py::test_attention_gradient_with_masks[NoMask-1-1024-16-64]
tests/test_attention.py::test_attention_gradient_with_masks[NoMask-1-2048-10-64]
tests/test_attention.py::test_attention_gradient_with_masks[NoMask-1-1333-12-64]
tests/test_attention.py::test_attention_gradient_with_masks[NoMask-1-256-4-30]
tests/test_attention.py::test_attention_gradient_with_masks[NoMask-1-512-8-100]
tests/test_attention.py::test_attention_gradient_with_masks[KeyPaddingMask-2-16-4-16]
tests/test_attention.py::test_attention_gradient_with_masks[KeyPaddingMask-4-128-8-32]
tests/test_attention.py::test_attention_gradient_with_masks[KeyPaddingMask-1-256-2-8]
tests/test_attention.py::test_attention_gradient_with_masks[KeyPaddingMask-3-50-8-32]
tests/test_attention.py::test_attention_gradient_with_masks[KeyPaddingMask-1-1024-16-64]
tests/test_attention.py::test_attention_gradient_with_masks[KeyPaddingMask-1-2048-10-64]
tests/test_attention.py::test_attention_gradient_with_masks[KeyPaddingMask-1-1333-12-64]
tests/test_attention.py::test_attention_gradient_with_masks[KeyPaddingMask-1-256-4-30]
tests/test_attention.py::test_attention_gradient_with_masks[KeyPaddingMask-1-512-8-100]
tests/test_attention.py::test_attention_gradient_with_masks[QKVLengthMask-2-16-4-16]
tests/test_attention.py::test_attention_gradient_with_masks[QKVLengthMask-4-128-8-32]
tests/test_attention.py::test_attention_gradient_with_masks[QKVLengthMask-1-256-2-8]
tests/test_attention.py::test_attention_gradient_with_masks[QKVLengthMask-3-50-8-32]
tests/test_attention.py::test_attention_gradient_with_masks[QKVLengthMask-1-1024-16-64]
tests/test_attention.py::test_attention_gradient_with_masks[QKVLengthMask-1-2048-10-64]
tests/test_attention.py::test_attention_gradient_with_masks[QKVLengthMask-1-1333-12-64]
tests/test_attention.py::test_attention_gradient_with_masks[QKVLengthMask-1-256-4-30]
tests/test_attention.py::test_attention_gradient_with_masks[QKVLengthMask-1-512-8-100]
tests/test_attention.py::test_attention_gradient_with_masks[MarginalizationMask-2-16-4-16]
tests/test_attention.py::test_attention_gradient_with_masks[MarginalizationMask-4-128-8-32]
tests/test_attention.py::test_attention_gradient_with_masks[MarginalizationMask-1-256-2-8]
tests/test_attention.py::test_attention_gradient_with_masks[MarginalizationMask-3-50-8-32]
tests/test_attention.py::test_attention_gradient_with_masks[MarginalizationMask-1-1024-16-64]
tests/test_attention.py::test_attention_gradient_with_masks[MarginalizationMask-1-2048-10-64]
tests/test_attention.py::test_attention_gradient_with_masks[MarginalizationMask-1-1333-12-64]
tests/test_attention.py::test_attention_gradient_with_masks[MarginalizationMask-1-256-4-30]
tests/test_attention.py::test_attention_gradient_with_masks[MarginalizationMask-1-512-8-100]
tests/test_attention.py::test_cross_attention_shapes[2-8-64-2-8-dot_product_attention]
tests/test_attention.py::test_cross_attention_shapes[2-8-64-2-8-flex_attention]
tests/test_attention.py::test_cross_attention_shapes[1-64-8-2-8-dot_product_attention]
tests/test_attention.py::test_cross_attention_shapes[1-64-8-2-8-flex_attention]
tests/test_attention.py::test_cross_attention_shapes[2-13-17-4-16-dot_product_attention]
tests/test_attention.py::test_cross_attention_shapes[2-13-17-4-16-flex_attention]
tests/test_attention.py::test_cross_attention_shapes[1-5-9-2-8-dot_product_attention]
tests/test_attention.py::test_cross_attention_shapes[1-5-9-2-8-flex_attention]
tests/test_attention.py::test_flex_attention_vmap_over_leading_batch_matches_manual
tests/test_attention.py::test_flex_attention_vmap_over_leading_batch_with_mask_matches_manual
tests/test_attention.py::test_cross_attention_forward_lengths_mismatch[2-8-64-2-8]
tests/test_attention.py::test_cross_attention_forward_lengths_mismatch[1-64-8-2-8]
tests/test_attention.py::test_cross_attention_forward_lengths_mismatch[2-13-17-4-16]
tests/test_attention.py::test_cross_attention_forward_lengths_mismatch[3-21-7-2-8]
tests/test_attention.py::test_cross_attention_backward_lengths_mismatch[2-8-64-2-8]
tests/test_attention.py::test_cross_attention_backward_lengths_mismatch[1-64-8-2-8]
tests/test_attention.py::test_cross_attention_backward_lengths_mismatch[2-13-17-4-16]
tests/test_attention.py::test_cross_attention_backward_lengths_mismatch[1-21-7-2-8]
tests/test_attention.py::test_cross_attention_outputs_match[2-128-128-4-16]
tests/test_attention.py::test_cross_attention_outputs_match[1-128-256-2-8]
tests/test_attention.py::test_cross_attention_outputs_match[1-64-512-8-32]
tests/test_attention.py::test_cross_attention_outputs_match[3-512-64-8-32]
tests/test_attention.py::test_cross_attention_outputs_match[1-32-222-4-30]
tests/test_attention.py::test_cross_attention_outputs_match[1-222-32-4-30]
tests/test_attention.py::test_cross_attention_gradients_match[2-128-128-4-16]
tests/test_attention.py::test_cross_attention_gradients_match[1-128-256-2-8]
tests/test_attention.py::test_cross_attention_gradients_match[1-64-512-8-32]
tests/test_attention.py::test_cross_attention_gradients_match[3-512-64-8-32]
tests/test_attention.py::test_cross_attention_gradients_match[1-32-222-4-30]
tests/test_attention.py::test_cross_attention_gradients_match[1-222-32-4-30]
tests/test_attention.py::test_cross_attention_backward_impl_variants[triton_fused-2-13-17-4-16]
tests/test_attention.py::test_cross_attention_backward_impl_variants[triton_fused-1-21-7-2-8]
tests/test_attention.py::test_cross_attention_backward_impl_variants[triton_split-2-13-17-4-16]
tests/test_attention.py::test_cross_attention_backward_impl_variants[triton_split-1-21-7-2-8]
tests/test_attention.py::test_cross_attention_with_mask_and_bias[CausalMask-2-13-17-4-16]
tests/test_attention.py::test_cross_attention_with_mask_and_bias[CausalMask-1-5-9-2-8]
tests/test_attention.py::test_cross_attention_with_mask_and_bias[LocalWindowMask-2-13-17-4-16]
tests/test_attention.py::test_cross_attention_with_mask_and_bias[LocalWindowMask-1-5-9-2-8]
tests/test_attention.py::test_cross_attention_with_mask_and_bias[NoMask-2-13-17-4-16]
tests/test_attention.py::test_cross_attention_with_mask_and_bias[NoMask-1-5-9-2-8]
tests/test_attention.py::test_cross_attention_with_mask_and_bias[KeyPaddingMask-2-13-17-4-16]
tests/test_attention.py::test_cross_attention_with_mask_and_bias[KeyPaddingMask-1-5-9-2-8]
tests/test_attention.py::test_cross_attention_with_mask_and_bias[QKVLengthMask-2-13-17-4-16]
tests/test_attention.py::test_cross_attention_with_mask_and_bias[QKVLengthMask-1-5-9-2-8]
tests/test_attention.py::test_cross_attention_with_mask_and_bias[MarginalizationMask-2-13-17-4-16]
tests/test_attention.py::test_cross_attention_with_mask_and_bias[MarginalizationMask-1-5-9-2-8]
tests/test_attention.py::test_seq_len_mask_forward[2-32-4-16]
tests/test_attention.py::test_seq_len_mask_forward[3-64-2-8]
tests/test_attention.py::test_seq_len_mask_backward[2-32-4-16]
tests/test_attention.py::test_seq_len_mask_backward[2-64-2-8]
tests/test_attention.py::test_kv_len_mask_cross_attention_forward[2-13-17-4-16]
tests/test_attention.py::test_kv_len_mask_cross_attention_forward[3-32-19-2-8]
tests/test_attention.py::test_kv_len_mask_cross_attention_backward[2-13-17-4-16]
tests/test_attention.py::test_kv_len_mask_cross_attention_backward[2-32-19-2-8]
tests/test_attention.py::TestRematCompatibility::test_remat_no_mask[2-32-4-16]
tests/test_attention.py::TestRematCompatibility::test_remat_causal_mask[2-32-4-16]
tests/test_attention.py::TestRematCompatibility::test_remat_seq_len_mask[2-32-4-16]
tests/test_attention.py::TestRematCompatibility::test_remat_seq_len_mask_no_grad_leak[2-32-4-16]
tests/test_attention.py::TestRematCompatibility::test_remat_seq_len_mask_correctness[2-32-4-16]
tests/test_attention_mask_bias.py::test_no_mask_all_true
tests/test_attention_mask_bias.py::test_causal_mask_lower_triangular
tests/test_attention_mask_bias.py::test_local_window_mask_band
tests/test_attention_mask_bias.py::test_local_window_mask_right_none_is_zero
tests/test_attention_mask_bias.py::test_causal_local_window_mask_band
tests/test_attention_mask_bias.py::test_causal_from_bottom_right_mask_alignment
tests/test_attention_mask_bias.py::test_prefix_lm_mask_scalar_prefix
tests/test_attention_mask_bias.py::test_block_diagonal_masks
tests/test_attention_mask_bias.py::test_qkv_length_mask_clips_both_axes
tests/test_attention_mask_bias.py::test_seq_len_mask_dense_matches_reference
tests/test_attention_mask_bias.py::test_kv_len_mask_dense_matches_reference
tests/test_attention_mask_bias.py::test_same_segment_mask_same_id_only
tests/test_attention_mask_bias.py::test_marginalization_mask_rect_plus_diag
tests/test_attention_mask_bias.py::test_key_padding_mask_call_with_block_lengths_vector
tests/test_attention_mask_bias.py::test_compose_mask_and_or_xor_not
tests/test_attention_mask_bias.py::test_compose_mask_get_data_two_stateful_raises
tests/test_attention_mask_bias.py::test_compose_mask_dense_with_stateful_child[and]
tests/test_attention_mask_bias.py::test_compose_mask_dense_with_stateful_child[or]
tests/test_attention_mask_bias.py::test_compose_mask_dense_with_stateful_child[xor]
tests/test_attention_mask_bias.py::test_sum_bias_adds_biases_without_double_counting_scores
tests/test_attention_mask_bias.py::test_sum_bias_with_dense_and_constant
tests/test_attention_mask_bias.py::test_dense_bias_call_with_data_adds_tile
tests/test_attention_mask_bias.py::test_dense_bias_call_fallback_b1
tests/test_attention_mask_bias.py::test_dense_bias_call_fallback_b_gt_1_raises
tests/test_attention_mask_bias.py::test_dense_bias_dense_broadcast
tests/test_attention_mask_bias.py::test_bias_value_formulas
tests/test_attention_mask_bias.py::test_t5_relative_position_bias_values
tests/test_attention_mask_bias.py::test_learned_relative_position_bias_clipping
tests/test_attention_mask_bias.py::test_soft_capping_bias_and_grad
tests/test_attention_mask_bias.py::test_per_head_scale_bias_scales_by_head
tests/test_attention_mask_bias.py::test_mask_pytree_roundtrip[mask0]
tests/test_attention_mask_bias.py::test_mask_pytree_roundtrip[mask1]
tests/test_attention_mask_bias.py::test_mask_pytree_roundtrip[mask2]
tests/test_attention_mask_bias.py::test_mask_pytree_roundtrip[mask3]
tests/test_attention_mask_bias.py::test_mask_pytree_roundtrip[mask4]
tests/test_attention_mask_bias.py::test_mask_pytree_roundtrip[mask5]
tests/test_attention_mask_bias.py::test_mask_pytree_roundtrip[mask6]
tests/test_attention_mask_bias.py::test_mask_pytree_roundtrip[mask7]
tests/test_attention_mask_bias.py::test_mask_pytree_roundtrip[mask8]
tests/test_attention_mask_bias.py::test_bias_pytree_roundtrip[bias0]
tests/test_attention_mask_bias.py::test_bias_pytree_roundtrip[bias1]
tests/test_attention_mask_bias.py::test_bias_pytree_roundtrip[bias2]
tests/test_attention_mask_bias.py::test_bias_pytree_roundtrip[bias3]
tests/test_attention_mask_bias.py::test_bias_pytree_roundtrip[bias4]
tests/test_attention_mask_bias.py::test_bias_pytree_roundtrip[bias5]
tests/test_attention_mask_bias.py::test_bias_pytree_roundtrip[bias6]
tests/test_attention_mask_bias.py::test_no_mask_block_mask_none
tests/test_attention_mask_bias.py::test_causal_block_mask_matches_dense_nonempty_blocks
tests/test_attention_mask_bias.py::test_local_window_block_mask_matches_dense_nonempty_blocks
tests/test_attention_mask_bias.py::test_qkv_length_block_mask_matches_dense_nonempty_blocks
tests/test_attention_mask_bias.py::test_same_segment_get_data_block_spec_returns_tuple
tests/test_attention_mask_bias.py::TestComposeMaskBlockMask::test_seqlen_and_qkvlength_no_tracer_leak
tests/test_attention_mask_bias.py::TestComposeMaskBlockMask::test_seqlen_and_qkvlength_call_still_correct
tests/test_attention_mask_bias.py::TestComposeMaskBlockMask::test_seqlen_or_qkvlength_block_mask_is_none
tests/test_attention_mask_bias.py::TestComposeMaskBlockMask::test_seqlen_xor_qkvlength_block_mask_is_none
tests/test_attention_mask_bias.py::TestComposeMaskBlockMask::test_causal_and_qkvlength_combines_block_masks
tests/test_attention_mask_bias.py::TestComposeMaskBlockMask::test_causal_or_local_window_combines_block_masks
tests/test_attention_mask_bias.py::TestComposeMaskBlockMask::test_stateless_xor_combines_block_masks
tests/test_attention_mask_bias.py::TestComposeMaskBlockMask::test_two_stateful_get_data_raises
tests/test_attention_mask_bias.py::TestComposeMaskBlockMask::test_two_stateful_get_data_block_spec_raises
tests/test_attention_mask_bias.py::TestComposeMaskBlockMask::test_two_stateful_block_mask_returns_none
tests/test_attention_mask_bias.py::TestComposeMaskBlockMask::test_and_with_nomask_returns_other_block_mask
tests/test_attention_mask_bias.py::TestComposeMaskBlockMask::test_or_with_nomask_returns_none
tests/test_autoregressive_model.py::test_params_dim_matches_what_unpack_consumes[normal]
tests/test_autoregressive_model.py::test_params_dim_matches_what_unpack_consumes[laplace]
tests/test_autoregressive_model.py::test_params_dim_matches_what_unpack_consumes[logistic]
tests/test_autoregressive_model.py::test_params_dim_matches_what_unpack_consumes[mixture]
tests/test_autoregressive_model.py::test_params_dim_matches_what_unpack_consumes[logistic-mixture]
tests/test_autoregressive_model.py::test_params_dim_matches_what_unpack_consumes[spline]
tests/test_autoregressive_model.py::test_params_dim_matches_what_unpack_consumes[histogram-tails]
tests/test_autoregressive_model.py::test_params_dim_matches_what_unpack_consumes[histogram-bounded]
tests/test_autoregressive_model.py::test_zero_parameters_give_a_usable_density[normal]
tests/test_autoregressive_model.py::test_zero_parameters_give_a_usable_density[laplace]
tests/test_autoregressive_model.py::test_zero_parameters_give_a_usable_density[logistic]
tests/test_autoregressive_model.py::test_zero_parameters_give_a_usable_density[mixture]
tests/test_autoregressive_model.py::test_zero_parameters_give_a_usable_density[logistic-mixture]
tests/test_autoregressive_model.py::test_zero_parameters_give_a_usable_density[spline]
tests/test_autoregressive_model.py::test_zero_parameters_give_a_usable_density[histogram-tails]
tests/test_autoregressive_model.py::test_zero_parameters_give_a_usable_density[histogram-bounded]
tests/test_autoregressive_model.py::test_unpack_is_differentiable[normal]
tests/test_autoregressive_model.py::test_unpack_is_differentiable[laplace]
tests/test_autoregressive_model.py::test_unpack_is_differentiable[logistic]
tests/test_autoregressive_model.py::test_unpack_is_differentiable[mixture]
tests/test_autoregressive_model.py::test_unpack_is_differentiable[logistic-mixture]
tests/test_autoregressive_model.py::test_unpack_is_differentiable[spline]
tests/test_autoregressive_model.py::test_unpack_is_differentiable[histogram-tails]
tests/test_autoregressive_model.py::test_unpack_is_differentiable[histogram-bounded]
tests/test_autoregressive_model.py::test_any_univariate_stats_family_can_be_used_for_the_density
tests/test_autoregressive_model.py::test_integer_constrained_parameters_are_rejected_with_a_clear_error
tests/test_autoregressive_model.py::test_fixed_names_are_validated
tests/test_autoregressive_model.py::test_spline_family_reports_the_same_width_as_the_flow_config
tests/test_autoregressive_model.py::test_parameters_of_dimension_i_depend_only_on_earlier_inputs[2]
tests/test_autoregressive_model.py::test_parameters_of_dimension_i_depend_only_on_earlier_inputs[4]
tests/test_autoregressive_model.py::test_parameters_of_dimension_i_depend_only_on_earlier_inputs[6]
tests/test_autoregressive_model.py::test_categorical_masking_is_autoregressive
tests/test_autoregressive_model.py::test_later_dimensions_actually_use_the_earlier_ones
tests/test_autoregressive_model.py::test_logpdf_and_sampling_are_finite[normal]
tests/test_autoregressive_model.py::test_logpdf_and_sampling_are_finite[laplace]
tests/test_autoregressive_model.py::test_logpdf_and_sampling_are_finite[logistic]
tests/test_autoregressive_model.py::test_logpdf_and_sampling_are_finite[mixture]
tests/test_autoregressive_model.py::test_logpdf_and_sampling_are_finite[logistic-mixture]
tests/test_autoregressive_model.py::test_logpdf_and_sampling_are_finite[spline]
tests/test_autoregressive_model.py::test_logpdf_and_sampling_are_finite[histogram-tails]
tests/test_autoregressive_model.py::test_logpdf_and_sampling_are_finite[histogram-bounded]
tests/test_autoregressive_model.py::test_trained_density_is_normalised[made]
tests/test_autoregressive_model.py::test_trained_density_is_normalised[mixture]
tests/test_autoregressive_model.py::test_trained_density_is_normalised[spline]
tests/test_autoregressive_model.py::test_trained_density_is_normalised[histogram]
tests/test_autoregressive_model.py::test_reaches_the_analytic_optimum_on_a_gaussian_target
tests/test_autoregressive_model.py::test_context_conditioning_changes_the_density
tests/test_autoregressive_model.py::test_as_dist_round_trips_through_the_exported_sampler
tests/test_autoregressive_model.py::test_bounded_family_rejects_out_of_range_data
tests/test_autoregressive_model.py::test_tailed_family_accepts_any_range
tests/test_autoregressive_model.py::test_categorical_head_starts_uniform_and_samples_in_range
tests/test_autoregressive_model.py::test_categorical_model_recovers_a_known_joint
tests/test_autoregressive_model.py::test_marginal_of_the_first_dimension_matches_the_data
tests/test_autoregressive_model.py::test_conditioner_output_width_matches_the_family
tests/test_autoregressive_model.py::test_custom_conditioner_depth_is_respected
tests/test_autoregressive_model.py::test_transformer_conditioner_supports_categorical
tests/test_autoregressive_model.py::test_ssm_conditioner_supports_categorical
tests/test_autoregressive_model.py::test_cached_sampling_matches_naive[normal]
tests/test_autoregressive_model.py::test_cached_sampling_matches_naive[categorical]
tests/test_autoregressive_model.py::test_trained_cached_matches_naive_up_to_float_dust
tests/test_autoregressive_model.py::test_prefix_completion_clamps_and_matches_naive
tests/test_autoregressive_model.py::test_prefix_arguments_are_validated
tests/test_bijective.py::test_spline_roundtrip[rational_quadratic-4-1.0-seed0]
tests/test_bijective.py::test_spline_roundtrip[rational_quadratic-4-1.0-seed1]
tests/test_bijective.py::test_spline_roundtrip[rational_quadratic-4-2.0-seed0]
tests/test_bijective.py::test_spline_roundtrip[rational_quadratic-4-2.0-seed1]
tests/test_bijective.py::test_spline_roundtrip[rational_quadratic-8-1.0-seed0]
tests/test_bijective.py::test_spline_roundtrip[rational_quadratic-8-1.0-seed1]
tests/test_bijective.py::test_spline_roundtrip[rational_quadratic-8-2.0-seed0]
tests/test_bijective.py::test_spline_roundtrip[rational_quadratic-8-2.0-seed1]
tests/test_bijective.py::test_spline_roundtrip[rational_quadratic-16-1.0-seed0]
tests/test_bijective.py::test_spline_roundtrip[rational_quadratic-16-1.0-seed1]
tests/test_bijective.py::test_spline_roundtrip[rational_quadratic-16-2.0-seed0]
tests/test_bijective.py::test_spline_roundtrip[rational_quadratic-16-2.0-seed1]
tests/test_bijective.py::test_spline_roundtrip[rational_linear-4-1.0-seed0]
tests/test_bijective.py::test_spline_roundtrip[rational_linear-4-1.0-seed1]
tests/test_bijective.py::test_spline_roundtrip[rational_linear-4-2.0-seed0]
tests/test_bijective.py::test_spline_roundtrip[rational_linear-4-2.0-seed1]
tests/test_bijective.py::test_spline_roundtrip[rational_linear-8-1.0-seed0]
tests/test_bijective.py::test_spline_roundtrip[rational_linear-8-1.0-seed1]
tests/test_bijective.py::test_spline_roundtrip[rational_linear-8-2.0-seed0]
tests/test_bijective.py::test_spline_roundtrip[rational_linear-8-2.0-seed1]
tests/test_bijective.py::test_spline_roundtrip[rational_linear-16-1.0-seed0]
tests/test_bijective.py::test_spline_roundtrip[rational_linear-16-1.0-seed1]
tests/test_bijective.py::test_spline_roundtrip[rational_linear-16-2.0-seed0]
tests/test_bijective.py::test_spline_roundtrip[rational_linear-16-2.0-seed1]
tests/test_bijective.py::test_spline_roundtrip[monotone_hermite_cubic-4-1.0-seed0]
tests/test_bijective.py::test_spline_roundtrip[monotone_hermite_cubic-4-1.0-seed1]
tests/test_bijective.py::test_spline_roundtrip[monotone_hermite_cubic-4-2.0-seed0]
tests/test_bijective.py::test_spline_roundtrip[monotone_hermite_cubic-4-2.0-seed1]
tests/test_bijective.py::test_spline_roundtrip[monotone_hermite_cubic-8-1.0-seed0]
tests/test_bijective.py::test_spline_roundtrip[monotone_hermite_cubic-8-1.0-seed1]
tests/test_bijective.py::test_spline_roundtrip[monotone_hermite_cubic-8-2.0-seed0]
tests/test_bijective.py::test_spline_roundtrip[monotone_hermite_cubic-8-2.0-seed1]
tests/test_bijective.py::test_spline_roundtrip[monotone_hermite_cubic-16-1.0-seed0]
tests/test_bijective.py::test_spline_roundtrip[monotone_hermite_cubic-16-1.0-seed1]
tests/test_bijective.py::test_spline_roundtrip[monotone_hermite_cubic-16-2.0-seed0]
tests/test_bijective.py::test_spline_roundtrip[monotone_hermite_cubic-16-2.0-seed1]
tests/test_bijective.py::test_spline_roundtrip[piecewise_affine-4-1.0-seed0]
tests/test_bijective.py::test_spline_roundtrip[piecewise_affine-4-1.0-seed1]
tests/test_bijective.py::test_spline_roundtrip[piecewise_affine-4-2.0-seed0]
tests/test_bijective.py::test_spline_roundtrip[piecewise_affine-4-2.0-seed1]
tests/test_bijective.py::test_spline_roundtrip[piecewise_affine-8-1.0-seed0]
tests/test_bijective.py::test_spline_roundtrip[piecewise_affine-8-1.0-seed1]
tests/test_bijective.py::test_spline_roundtrip[piecewise_affine-8-2.0-seed0]
tests/test_bijective.py::test_spline_roundtrip[piecewise_affine-8-2.0-seed1]
tests/test_bijective.py::test_spline_roundtrip[piecewise_affine-16-1.0-seed0]
tests/test_bijective.py::test_spline_roundtrip[piecewise_affine-16-1.0-seed1]
tests/test_bijective.py::test_spline_roundtrip[piecewise_affine-16-2.0-seed0]
tests/test_bijective.py::test_spline_roundtrip[piecewise_affine-16-2.0-seed1]
tests/test_bijective.py::test_spline_logdet_matches_autodiff[rational_quadratic-4]
tests/test_bijective.py::test_spline_logdet_matches_autodiff[rational_quadratic-16]
tests/test_bijective.py::test_spline_logdet_matches_autodiff[rational_linear-4]
tests/test_bijective.py::test_spline_logdet_matches_autodiff[rational_linear-16]
tests/test_bijective.py::test_spline_logdet_matches_autodiff[monotone_hermite_cubic-4]
tests/test_bijective.py::test_spline_logdet_matches_autodiff[monotone_hermite_cubic-16]
tests/test_bijective.py::test_spline_logdet_matches_autodiff[piecewise_affine-4]
tests/test_bijective.py::test_spline_logdet_matches_autodiff[piecewise_affine-16]
tests/test_bijective.py::test_spline_value_and_logdet_is_registered[rational_quadratic]
tests/test_bijective.py::test_spline_value_and_logdet_is_registered[rational_linear]
tests/test_bijective.py::test_spline_value_and_logdet_is_registered[monotone_hermite_cubic]
tests/test_bijective.py::test_spline_value_and_logdet_is_registered[piecewise_affine]
tests/test_bijective.py::test_spline_inverse_uses_registered_rule[rational_quadratic]
tests/test_bijective.py::test_spline_inverse_uses_registered_rule[rational_linear]
tests/test_bijective.py::test_spline_inverse_uses_registered_rule[monotone_hermite_cubic]
tests/test_bijective.py::test_spline_inverse_uses_registered_rule[piecewise_affine]
tests/test_bijective.py::test_spline_bounded_tails_clamp[rational_quadratic]
tests/test_bijective.py::test_spline_bounded_tails_clamp[rational_linear]
tests/test_bijective.py::test_spline_bounded_tails_clamp[monotone_hermite_cubic]
tests/test_bijective.py::test_spline_bounded_tails_clamp[piecewise_affine]
tests/test_bijective.py::test_monotone_roundtrip[deep_sigmoid]
tests/test_bijective.py::test_monotone_roundtrip[mixture_cdf]
tests/test_bijective.py::test_monotone_roundtrip[unconstrained_monotone]
tests/test_bijective.py::test_monotone_roundtrip[sos_polynomial]
tests/test_bijective.py::test_monotone_roundtrip[bernstein]
tests/test_bijective.py::test_monotone_logdet_is_analytic[deep_sigmoid]
tests/test_bijective.py::test_monotone_logdet_is_analytic[mixture_cdf]
tests/test_bijective.py::test_monotone_logdet_is_analytic[unconstrained_monotone]
tests/test_bijective.py::test_monotone_logdet_is_analytic[sos_polynomial]
tests/test_bijective.py::test_monotone_logdet_is_analytic[bernstein]
tests/test_bijective.py::test_monotone_is_increasing[deep_sigmoid]
tests/test_bijective.py::test_monotone_is_increasing[mixture_cdf]
tests/test_bijective.py::test_monotone_is_increasing[unconstrained_monotone]
tests/test_bijective.py::test_monotone_is_increasing[sos_polynomial]
tests/test_bijective.py::test_monotone_is_increasing[bernstein]
tests/test_bijective.py::test_monotone_broadcasts_over_batch[deep_sigmoid]
tests/test_bijective.py::test_monotone_broadcasts_over_batch[mixture_cdf]
tests/test_bijective.py::test_monotone_broadcasts_over_batch[unconstrained_monotone]
tests/test_bijective.py::test_monotone_broadcasts_over_batch[sos_polynomial]
tests/test_bijective.py::test_monotone_broadcasts_over_batch[bernstein]
tests/test_bijective.py::test_affine
tests/test_bijective.py::test_shift
tests/test_bijective.py::test_rotate
tests/test_codebase_audit_fixes.py::test_sample_entropy_reference_and_jit[vasicek]
tests/test_codebase_audit_fixes.py::test_sample_entropy_reference_and_jit[van es]
tests/test_codebase_audit_fixes.py::test_sample_entropy_reference_and_jit[ebrahimi]
tests/test_codebase_audit_fixes.py::test_sample_entropy_reference_and_jit[correa]
tests/test_codebase_audit_fixes.py::test_sample_entropy_reference_and_jit[auto]
tests/test_codebase_audit_fixes.py::test_pcg_small_rhs[1.0]
tests/test_codebase_audit_fixes.py::test_pcg_small_rhs[0.0001]
tests/test_codebase_audit_fixes.py::test_pcg_small_rhs[1e-10]
tests/test_codebase_audit_fixes.py::test_full_basis_lanczos_logdet[a0]
tests/test_codebase_audit_fixes.py::test_full_basis_lanczos_logdet[a1]
tests/test_codebase_audit_fixes.py::test_full_basis_lanczos_logdet[a2]
tests/test_codebase_audit_fixes.py::test_matrix_predicates
tests/test_codebase_audit_fixes.py::test_multistep_import
tests/test_codebase_audit_fixes.py::test_sigma_point_covariance[1-merwe_sigma_point]
tests/test_codebase_audit_fixes.py::test_sigma_point_covariance[1-julier_uhlmann_sigma_points]
tests/test_codebase_audit_fixes.py::test_sigma_point_covariance[1-spherical_simplex_sigma_points]
tests/test_codebase_audit_fixes.py::test_sigma_point_covariance[3-merwe_sigma_point]
tests/test_codebase_audit_fixes.py::test_sigma_point_covariance[3-julier_uhlmann_sigma_points]
tests/test_codebase_audit_fixes.py::test_sigma_point_covariance[3-spherical_simplex_sigma_points]
tests/test_codebase_audit_fixes.py::test_sigma_point_covariance[5-merwe_sigma_point]
tests/test_codebase_audit_fixes.py::test_sigma_point_covariance[5-julier_uhlmann_sigma_points]
tests/test_codebase_audit_fixes.py::test_sigma_point_covariance[5-spherical_simplex_sigma_points]
tests/test_codebase_audit_fixes.py::test_sigma_point_covariance[20-merwe_sigma_point]
tests/test_codebase_audit_fixes.py::test_sigma_point_covariance[20-julier_uhlmann_sigma_points]
tests/test_codebase_audit_fixes.py::test_sigma_point_covariance[20-spherical_simplex_sigma_points]
tests/test_codebase_audit_fixes.py::test_ukf_linear_gaussian_update[False]
tests/test_codebase_audit_fixes.py::test_ukf_linear_gaussian_update[True]
tests/test_codebase_audit_fixes.py::test_gaussian_imh_covariance_density
tests/test_codebase_audit_fixes.py::test_pareto_samples
tests/test_codebase_audit_fixes.py::test_genpareto_reference[0.0]
tests/test_codebase_audit_fixes.py::test_genpareto_reference[0.5]
tests/test_codebase_audit_fixes.py::test_genpareto_reference[-0.5]
tests/test_codebase_audit_fixes.py::test_genpareto_reference[-1.0]
tests/test_codebase_audit_fixes.py::test_genpareto_reference[-2.0]
tests/test_codebase_audit_fixes.py::test_binomial_entropy[1-0.5]
tests/test_codebase_audit_fixes.py::test_binomial_entropy[4-0.5]
tests/test_codebase_audit_fixes.py::test_binomial_entropy[100-0.02]
tests/test_codebase_audit_fixes.py::test_binomial_entropy[1000-0.5]
tests/test_codebase_audit_fixes.py::test_binomial_entropy[10000-0.5]
tests/test_codebase_audit_fixes.py::test_binomial_entropy[4-0.0]
tests/test_codebase_audit_fixes.py::test_binomial_entropy[4-1.0]
tests/test_codebase_audit_fixes.py::test_binomial_fractional_cdf
tests/test_codebase_audit_fixes.py::test_poisson_entropy[0.0]
tests/test_codebase_audit_fixes.py::test_poisson_entropy[0.1]
tests/test_codebase_audit_fixes.py::test_poisson_entropy[10.0]
tests/test_codebase_audit_fixes.py::test_poisson_entropy[256.0]
tests/test_codebase_audit_fixes.py::test_poisson_entropy[300.0]
tests/test_codebase_audit_fixes.py::test_poisson_entropy[10000.0]
tests/test_codebase_audit_fixes.py::test_truncnorm_reference[-1.0-1.0]
tests/test_codebase_audit_fixes.py::test_truncnorm_reference[-inf-inf]
tests/test_codebase_audit_fixes.py::test_truncnorm_reference[2.0-4.0]
tests/test_codebase_audit_fixes.py::test_truncnorm_reference[-inf-0.0]
tests/test_codebase_audit_fixes.py::test_truncnorm_reference[0.0-inf]
tests/test_codebase_audit_fixes.py::test_monotone_transformed_distribution[1.0]
tests/test_codebase_audit_fixes.py::test_monotone_transformed_distribution[-1.0]
tests/test_codebase_audit_fixes.py::test_nested_jit_named_site
tests/test_codebase_audit_fixes.py::test_flash3_backend_adapters
tests/test_codebase_audit_fixes.py::test_transformer_distinct_reproducible_dropout_keys
tests/test_codebase_audit_fixes.py::test_distribution_quantile_gradients
tests/test_codebase_audit_fixes.py::test_truncnorm_moments
tests/test_codebase_audit_fixes.py::test_lanczos_stochastic_probes
tests/test_codebase_audit_fixes.py::test_truncnorm_fp32_variance[1.0-1.001]
tests/test_codebase_audit_fixes.py::test_truncnorm_fp32_variance[8.0-10.0]
tests/test_codebase_audit_fixes.py::test_truncnorm_fp32_variance[20.0-21.0]
tests/test_codebase_audit_fixes.py::test_binomial_fp32_large_skewed_entropy
tests/test_complementary_special.py::test_tail_grid[beta-False-float32]
tests/test_complementary_special.py::test_tail_grid[beta-False-float64]
tests/test_complementary_special.py::test_tail_grid[beta-True-float32]
tests/test_complementary_special.py::test_tail_grid[beta-True-float64]
tests/test_complementary_special.py::test_tail_grid[gamma-False-float32]
tests/test_complementary_special.py::test_tail_grid[gamma-False-float64]
tests/test_complementary_special.py::test_tail_grid[gamma-True-float32]
tests/test_complementary_special.py::test_tail_grid[gamma-True-float64]
tests/test_complementary_special.py::test_seeded_stress[False-float32]
tests/test_complementary_special.py::test_seeded_stress[False-float64]
tests/test_complementary_special.py::test_seeded_stress[True-float32]
tests/test_complementary_special.py::test_seeded_stress[True-float64]
tests/test_complementary_special.py::test_supplied_tiny[float32]
tests/test_complementary_special.py::test_supplied_tiny[float64]
tests/test_complementary_special.py::test_skewed_beta
tests/test_complementary_special.py::test_broadcast_gradients[beta-False]
tests/test_complementary_special.py::test_broadcast_gradients[beta-True]
tests/test_complementary_special.py::test_broadcast_gradients[gamma-False]
tests/test_complementary_special.py::test_broadcast_gradients[gamma-True]
tests/test_complementary_special.py::test_gamma_jvp
tests/test_complementary_special.py::test_endpoints_and_domains
tests/test_complementary_special.py::test_distribution_inverse
tests/test_complementary_special.py::test_logspace[float32]
tests/test_complementary_special.py::test_logspace[float64]
tests/test_complementary_special.py::test_nested_batching_and_budgets
tests/test_core_inverse_and_log_det.py::test_inverse_1d[log]
tests/test_core_inverse_and_log_det.py::test_inverse_1d[log2]
tests/test_core_inverse_and_log_det.py::test_inverse_1d[log10]
tests/test_core_inverse_and_log_det.py::test_inverse_1d[log1p]
tests/test_core_inverse_and_log_det.py::test_inverse_1d[exp]
tests/test_core_inverse_and_log_det.py::test_inverse_1d[exp2]
tests/test_core_inverse_and_log_det.py::test_inverse_1d[for_loop_sum]
tests/test_core_inverse_and_log_det.py::test_inverse_1d[for_loop_mul]
tests/test_core_inverse_and_log_det.py::test_inverse_1d[reshape_and_revert]
tests/test_core_inverse_and_log_det.py::test_inverse_1d[broad_cast_and_revert]
tests/test_core_inverse_and_log_det.py::test_inverse_1d[<lambda>0]
tests/test_core_inverse_and_log_det.py::test_inverse_1d[<lambda>1]
tests/test_core_inverse_and_log_det.py::test_inverse_1d[<lambda>2]
tests/test_core_inverse_and_log_det.py::test_inverse_1d[<lambda>3]
tests/test_core_inverse_and_log_det.py::test_inverse_1d[<lambda>4]
tests/test_core_inverse_and_log_det.py::test_inverse_and_logabsdet_1d[log]
tests/test_core_inverse_and_log_det.py::test_inverse_and_logabsdet_1d[log2]
tests/test_core_inverse_and_log_det.py::test_inverse_and_logabsdet_1d[log10]
tests/test_core_inverse_and_log_det.py::test_inverse_and_logabsdet_1d[log1p]
tests/test_core_inverse_and_log_det.py::test_inverse_and_logabsdet_1d[exp]
tests/test_core_inverse_and_log_det.py::test_inverse_and_logabsdet_1d[exp2]
tests/test_core_inverse_and_log_det.py::test_inverse_and_logabsdet_1d[for_loop_sum]
tests/test_core_inverse_and_log_det.py::test_inverse_and_logabsdet_1d[for_loop_mul]
tests/test_core_inverse_and_log_det.py::test_inverse_and_logabsdet_1d[reshape_and_revert]
tests/test_core_inverse_and_log_det.py::test_inverse_and_logabsdet_1d[broad_cast_and_revert]
tests/test_core_inverse_and_log_det.py::test_inverse_and_logabsdet_1d[<lambda>0]
tests/test_core_inverse_and_log_det.py::test_inverse_and_logabsdet_1d[<lambda>1]
tests/test_core_inverse_and_log_det.py::test_inverse_and_logabsdet_1d[<lambda>2]
tests/test_core_inverse_and_log_det.py::test_inverse_and_logabsdet_1d[<lambda>3]
tests/test_core_inverse_and_log_det.py::test_inverse_and_logabsdet_1d[<lambda>4]
tests/test_core_inverse_and_log_det.py::test_inverse_and_logabsdet_wrapper_is_stateless
tests/test_core_inverse_and_log_det.py::test_inverse_and_logabsdet_nested_jit
tests/test_core_inverse_and_log_det.py::test_inverse_of_custom_inverse_returns_custom_inverse
tests/test_core_inverse_and_log_det.py::test_inverse_of_custom_inverse_logdet_priority_and_fallback
tests/test_core_inverse_and_log_det.py::test_inverse_of_custom_inverse_respects_configuration_guards
tests/test_core_inverse_and_log_det.py::test_inverse_of_custom_inverse_requires_registered_inverse
tests/test_core_inverse_and_log_det.py::test_inverse_split
tests/test_core_inverse_and_log_det.py::test_inverse_univariate_registry[sin]
tests/test_core_inverse_and_log_det.py::test_inverse_univariate_registry[asin]
tests/test_core_inverse_and_log_det.py::test_inverse_univariate_registry[cos]
tests/test_core_inverse_and_log_det.py::test_inverse_univariate_registry[acos]
tests/test_core_inverse_and_log_det.py::test_inverse_univariate_registry[tan]
tests/test_core_inverse_and_log_det.py::test_inverse_univariate_registry[atan]
tests/test_core_inverse_and_log_det.py::test_inverse_univariate_registry[tanh]
tests/test_core_inverse_and_log_det.py::test_inverse_univariate_registry[sinh]
tests/test_core_inverse_and_log_det.py::test_inverse_univariate_registry[exp]
tests/test_core_inverse_and_log_det.py::test_inverse_univariate_registry[sqrt]
tests/test_core_inverse_and_log_det.py::test_inverse_univariate_registry[cbrt]
tests/test_core_inverse_and_log_det.py::test_inverse_univariate_registry[copy]
tests/test_core_inverse_and_log_det.py::test_inverse_univariate_registry[log1p]
tests/test_core_inverse_and_log_det.py::test_inverse_bivariate_registry[mul]
tests/test_core_inverse_and_log_det.py::test_inverse_bivariate_registry[div]
tests/test_core_inverse_and_log_det.py::test_inverse_bivariate_registry[add]
tests/test_core_inverse_and_log_det.py::test_inverse_bivariate_registry[sub]
tests/test_core_inverse_and_log_det.py::test_inverse_bivariate_registry[pow]
tests/test_core_inverse_and_log_det.py::test_inverse_grad_through_known_mul_branch
tests/test_core_inverse_and_log_det.py::test_inverse_scatter
tests/test_core_inverse_and_log_det.py::test_inverse_gather_permutation
tests/test_core_inverse_and_log_det.py::test_logabsdet_accumulates_through_nested_jit
tests/test_core_inverse_and_log_det.py::test_logabsdet_scalar_broadcast_mul
tests/test_core_inverse_and_log_det.py::test_inverse_squeeze_broadcast
tests/test_core_inverse_and_log_det.py::test_inverse_rev_reshape
tests/test_core_inverse_and_log_det.py::test_inverse_transpose[inverse]
tests/test_core_inverse_and_log_det.py::test_inverse_transpose[inverse_and_logabsdet]
tests/test_core_inverse_and_log_det.py::test_inverse_slice_dynamic_slice
tests/test_core_inverse_and_log_det.py::test_inverse_convert_element_type
tests/test_core_inverse_and_log_det.py::test_inverse_bitcast_convert_type
tests/test_core_inverse_and_log_det.py::test_inverse_select_n
tests/test_core_inverse_and_log_det.py::test_inverse_odeint_linear_system
tests/test_core_inverse_and_log_det.py::test_inverse_odeint_linear_system_with_drift_args
tests/test_core_inverse_and_log_det.py::test_inverse_odeint_with_traced_drift_args
tests/test_core_inverse_and_log_det.py::test_inverse_and_logabsdet_odeint_with_traced_drift_args
tests/test_core_inverse_and_log_det.py::test_inverse_odeint_with_partial_bound_drift
tests/test_core_inverse_and_log_det.py::test_inverse_odeint_with_static_bool_control_flow_via_closure
tests/test_core_inverse_and_log_det.py::test_inverse_and_logabsdet_odeint_hutchinson_matches_exact_in_expectation
tests/test_core_inverse_and_log_det.py::test_inverse_and_logabsdet_odeint_hutchinson_num_samples_reduces_variance
tests/test_core_inverse_and_log_det.py::test_inverse_and_logabsdet_odeint_hutchinson_normal_probes
tests/test_core_inverse_and_log_det.py::test_inverse_and_logabsdet_odeint_custom_trace_fn
tests/test_core_inverse_and_log_det.py::test_inverse_and_logabsdet_odeint_hutchinson_requires_logdet_rng
tests/test_core_inverse_and_log_det.py::test_inverse_and_logabsdet_odeint_unknown_trace_estimator_raises
tests/test_core_inverse_and_log_det.py::test_logdet_is_not_poisoned_by_an_unrelated_nonfinite_argument
tests/test_core_inverse_and_log_det.py::test_custom_inverse_logdet_still_batches_under_vmap
tests/test_core_inverse_and_log_det.py::test_integer_inverse_works_under_jit
tests/test_core_inverse_and_log_det.py::test_guard_reports_through_checkify_when_asked
tests/test_core_inverse_and_log_det.py::test_missing_logdet_rule_raises_instead_of_guessing
tests/test_core_inverse_and_log_det.py::test_singular_jacobian_is_minus_inf_not_a_finite_floor
tests/test_core_inverse_and_log_det.py::test_affine_fan_out_now_inverts[repeated_addition]
tests/test_core_inverse_and_log_det.py::test_affine_fan_out_now_inverts[scaled_difference]
tests/test_core_inverse_and_log_det.py::test_affine_fan_out_now_inverts[repeated_division]
tests/test_core_inverse_and_log_det.py::test_affine_fan_out_now_inverts[matrix]
tests/test_core_inverse_and_log_det.py::test_affine_fan_out_now_inverts[coupled_through_a_sum]
tests/test_core_inverse_and_log_det.py::test_affine_fan_out_now_inverts[reshaped]
tests/test_core_inverse_and_log_det.py::test_affine_fan_out_log_determinant[repeated_addition]
tests/test_core_inverse_and_log_det.py::test_affine_fan_out_log_determinant[scaled_difference]
tests/test_core_inverse_and_log_det.py::test_affine_fan_out_log_determinant[repeated_division]
tests/test_core_inverse_and_log_det.py::test_affine_fan_out_log_determinant[matrix]
tests/test_core_inverse_and_log_det.py::test_affine_fan_out_log_determinant[coupled_through_a_sum]
tests/test_core_inverse_and_log_det.py::test_affine_fan_out_log_determinant[reshaped]
tests/test_core_inverse_and_log_det.py::test_nonlinear_fan_out_is_still_refused[residual-<lambda>-y0]
tests/test_core_inverse_and_log_det.py::test_nonlinear_fan_out_is_still_refused[product-<lambda>-y1]
tests/test_core_inverse_and_log_det.py::test_nonlinear_fan_out_is_still_refused[square-<lambda>-y2]
tests/test_core_inverse_and_log_det.py::test_a_singular_affine_map_reports_nan_rather_than_a_value
tests/test_core_inverse_and_log_det.py::test_the_fallback_does_not_touch_what_already_worked
tests/test_core_inverse_and_log_det.py::test_affine_fan_out_composes_with_jit_and_vmap
tests/test_core_inverse_and_log_det.py::test_elementwise_fallback_needs_no_dense_jacobian
tests/test_core_inverse_and_log_det.py::test_affine_fallback_solves_a_joint_linear_system
tests/test_core_inverse_and_log_det.py::test_affine_fallback_uses_known_parameters
tests/test_core_inverse_and_log_det.py::test_input_template_enables_expansion[<lambda>0-inverse]
tests/test_core_inverse_and_log_det.py::test_input_template_enables_expansion[<lambda>0-inverse_and_logabsdet]
tests/test_core_inverse_and_log_det.py::test_input_template_enables_expansion[<lambda>1-inverse]
tests/test_core_inverse_and_log_det.py::test_input_template_enables_expansion[<lambda>1-inverse_and_logabsdet]
tests/test_core_inverse_and_log_det.py::test_input_template_enables_expansion[<lambda>2-inverse]
tests/test_core_inverse_and_log_det.py::test_input_template_enables_expansion[<lambda>2-inverse_and_logabsdet]
tests/test_core_inverse_and_log_det.py::test_input_template_enables_structure_changes
tests/test_core_inverse_and_log_det.py::test_input_template_rejects_foreign_output_shapes
tests/test_core_inverse_and_log_det.py::test_overdetermined_inverse_and_logdet_nan
tests/test_core_inverse_and_log_det.py::test_joint_solve_over_two_arguments
tests/test_core_inverse_and_log_det.py::test_joint_solve_accepts_shape_preserving_templates
tests/test_core_inverse_and_log_det.py::test_elementwise_fallback_scales_without_a_matrix
tests/test_core_inverse_and_log_det.py::test_volume_preserving_logdet_is_zero[neg]
tests/test_core_inverse_and_log_det.py::test_volume_preserving_logdet_is_zero[translation]
tests/test_core_inverse_and_log_det.py::test_volume_preserving_logdet_is_zero[unit_scale]
tests/test_core_inverse_and_log_det.py::test_volume_preserving_logdet_is_zero[flip_and_shift]
tests/test_core_inverse_and_log_det.py::test_volume_preserving_logdet_is_zero[rearrange_chain]
tests/test_core_inverse_and_log_det.py::test_volume_preserving_stages_no_logdet_arithmetic[neg]
tests/test_core_inverse_and_log_det.py::test_volume_preserving_stages_no_logdet_arithmetic[translation]
tests/test_core_inverse_and_log_det.py::test_volume_preserving_stages_no_logdet_arithmetic[unit_scale]
tests/test_core_inverse_and_log_det.py::test_volume_preserving_stages_no_logdet_arithmetic[flip_and_shift]
tests/test_core_inverse_and_log_det.py::test_volume_preserving_stages_no_logdet_arithmetic[rearrange_chain]
tests/test_core_inverse_and_log_det.py::test_vp_subgraph_stages_no_logdet_accumulation[neg_and_shift]
tests/test_core_inverse_and_log_det.py::test_vp_subgraph_stages_no_logdet_accumulation[reversal]
tests/test_core_inverse_and_log_det.py::test_non_volume_preserving_keeps_the_slow_path[scale]
tests/test_core_inverse_and_log_det.py::test_non_volume_preserving_keeps_the_slow_path[shifted_scale]
tests/test_core_inverse_and_log_det.py::test_non_volume_preserving_keeps_the_slow_path[nonlinear]
tests/test_core_inverse_and_log_det.py::test_volume_preserving_pick_matches_plain_inverse_eager
tests/test_core_inverse_and_log_det.py::test_repeated_reciprocal_composes_with_affine_recovery
tests/test_core_inverse_efficiency.py::test_inverse_emits_exactly_the_hand_written_arithmetic
tests/test_core_inverse_efficiency.py::test_inverse_and_logabsdet_stays_within_a_small_factor
tests/test_core_inverse_efficiency.py::test_generated_inverse_runs_at_hand_written_speed[inverse]
tests/test_core_inverse_efficiency.py::test_generated_inverse_runs_at_hand_written_speed[inverse_and_logabsdet]
tests/test_core_inverse_efficiency.py::test_volume_preserving_inverse_runs_at_hand_written_speed
tests/test_core_inverse_efficiency.py::test_no_guard_means_no_emitted_check
tests/test_core_inverse_efficiency.py::test_guard_on_a_literal_costs_nothing
tests/test_core_inverse_efficiency.py::test_guarded_rule_emits_a_check_where_it_is_needed
tests/test_core_inverse_efficiency.py::test_guard_produces_nan_rather_than_a_wrong_number
tests/test_core_jaxpr_backend.py::test_interpret_and_propagate_match_nested_jit
tests/test_core_jaxpr_backend.py::test_inverse_through_nested_jit
tests/test_core_jaxpr_backend.py::test_trace_wrappers_do_not_share_state
tests/test_core_jaxpr_backend.py::test_intervene_overrides_random_variable_value
tests/test_core_jaxpr_backend.py::test_interpret_reducer_and_equation_states
tests/test_core_jaxpr_backend.py::test_joint_sample_and_log_potential_use_equation_state
tests/test_core_jaxpr_backend.py::test_extended_jaxpr_contains_stable_equation_ids
tests/test_core_jaxpr_backend.py::test_interpreter_pipeline_supports_dependency_context
tests/test_core_jaxpr_backend.py::test_condition_replaces_observed_sites_and_updates_log_potential
tests/test_core_jaxpr_backend.py::test_observe_alias_matches_condition_and_log_joint_alias
tests/test_core_jaxpr_backend.py::test_substitute_replay_keeps_log_prob_terms
tests/test_core_jaxpr_backend.py::test_substitute_condition_mode_alias_matches_replay
tests/test_core_jaxpr_backend.py::test_intervene_do_drops_intervened_log_prob_term
tests/test_core_jaxpr_backend.py::test_trace_legacy_kind_labels_preserves_old_names
tests/test_core_jaxpr_backend.py::test_do_alias_matches_intervene_and_substitute_intervene_mode
tests/test_core_jaxpr_backend.py::test_log_prob_fn_allows_partial_assignments
tests/test_core_jaxpr_backend.py::test_scope_prefixes_site_names
tests/test_cp_in_custom_inverse.py::TestDeviceRegistration::test_primitive_in_requires_devices_set
tests/test_custom_inverse_opt_out.py::test_flag_defaults_on
tests/test_custom_inverse_opt_out.py::test_primitive_emitted_by_default
tests/test_custom_inverse_opt_out.py::test_no_primitive_when_disabled
tests/test_custom_inverse_opt_out.py::test_forward_values_match_under_transforms
tests/test_custom_inverse_opt_out.py::test_unregistered_wrapper_still_raises_when_disabled
tests/test_custom_inverse_opt_out.py::test_buggy_inverse_used_by_default
tests/test_custom_inverse_opt_out.py::test_buggy_inverse_bypassed_when_disabled
tests/test_custom_inverse_opt_out.py::test_buggy_inverse_and_logdet_bypassed_when_disabled
tests/test_custom_inverse_opt_out.py::test_direct_inv_calls_unaffected
tests/test_custom_inverse_opt_out.py::test_context_nests_and_unwinds_on_exception
tests/test_custom_inverse_opt_out.py::test_context_is_thread_local
tests/test_custom_inverse_opt_out.py::test_env_var_escape_hatch
tests/test_custom_primitive_edge_cases.py::test_primitive_is_emitted_even_when_no_argument_exposes_a_tracer
tests/test_custom_primitive_edge_cases.py::test_random_variable_is_not_emitted_without_rv_tracing
tests/test_custom_primitive_edge_cases.py::test_random_variable_is_emitted_for_concrete_arguments_inside_a_trace
tests/test_custom_primitive_edge_cases.py::test_eager_call_outside_a_trace_still_skips_the_primitive
tests/test_custom_primitive_edge_cases.py::test_a_traced_closure_is_still_rejected_clearly
tests/test_custom_primitive_edge_cases.py::test_non_pytree_argument_names_itself_and_the_way_out
tests/test_custom_primitive_edge_cases.py::test_traced_value_in_a_static_slot_says_why
tests/test_custom_primitive_edge_cases.py::test_traced_keyword_argument_says_why
tests/test_custom_primitive_edge_cases.py::test_inverse_returning_the_wrong_shape_is_rejected
tests/test_custom_primitive_edge_cases.py::test_inverse_returning_the_wrong_pytree_is_rejected
tests/test_custom_primitive_edge_cases.py::test_a_correct_inverse_is_unaffected_by_the_checks
tests/test_custom_primitive_edge_cases.py::test_negative_inv_argnum_counts_from_the_end
tests/test_custom_primitive_edge_cases.py::test_out_of_range_inv_argnum_reports_the_real_reason
tests/test_custom_primitive_edge_cases.py::test_inv_argnum_pointing_at_a_static_argument_says_so
tests/test_custom_primitive_edge_cases.py::test_registering_the_same_inverse_twice_warns
tests/test_custom_primitive_edge_cases.py::test_definv_then_definv_and_logdet_is_silent
tests/test_custom_primitive_edge_cases.py::test_calling_before_registering_an_inverse_raises
tests/test_custom_primitive_edge_cases.py::test_unusual_shapes_round_trip[scalar_0d]
tests/test_custom_primitive_edge_cases.py::test_unusual_shapes_round_trip[empty]
tests/test_custom_primitive_edge_cases.py::test_unusual_shapes_round_trip[2d]
tests/test_custom_primitive_edge_cases.py::test_integer_inverse_must_return_integers
tests/test_custom_primitive_edge_cases.py::test_forward_with_no_outputs_is_rejected
tests/test_custom_primitive_edge_cases.py::test_custom_inverse_survives_every_transform[jit]
tests/test_custom_primitive_edge_cases.py::test_custom_inverse_survives_every_transform[grad]
tests/test_custom_primitive_edge_cases.py::test_custom_inverse_survives_every_transform[jit_of_grad]
tests/test_custom_primitive_edge_cases.py::test_custom_inverse_survives_every_transform[vmap]
tests/test_custom_primitive_edge_cases.py::test_custom_inverse_survives_every_transform[nested_vmap]
tests/test_custom_primitive_edge_cases.py::test_custom_inverse_survives_every_transform[grad_of_vmap]
tests/test_custom_primitive_edge_cases.py::test_custom_inverse_survives_every_transform[jacfwd]
tests/test_custom_primitive_edge_cases.py::test_custom_inverse_survives_every_transform[jacrev]
tests/test_custom_primitive_edge_cases.py::test_custom_inverse_survives_every_transform[hessian]
tests/test_custom_primitive_edge_cases.py::test_custom_inverse_survives_every_transform[linearize]
tests/test_custom_primitive_edge_cases.py::test_custom_inverse_survives_every_transform[vjp]
tests/test_custom_primitive_edge_cases.py::test_custom_inverse_survives_every_transform[jvp]
tests/test_custom_primitive_edge_cases.py::test_custom_inverse_survives_every_transform[eval_shape]
tests/test_custom_primitive_edge_cases.py::test_custom_inverse_survives_every_transform[remat]
tests/test_custom_primitive_edge_cases.py::test_custom_inverse_survives_every_transform[cond]
tests/test_custom_primitive_edge_cases.py::test_custom_inverse_survives_every_transform[scan]
tests/test_custom_primitive_edge_cases.py::test_custom_inverse_survives_every_transform[checkify]
tests/test_custom_primitive_edge_cases.py::test_custom_inverse_survives_every_transform[pmap]
tests/test_custom_primitive_edge_cases.py::test_random_variable_survives_the_structural_transforms
tests/test_diffusion_audit_regressions.py::test_overridden_endpoint_controls_initial_noise[ode]
tests/test_diffusion_audit_regressions.py::test_overridden_endpoint_controls_initial_noise[sde]
tests/test_diffusion_audit_regressions.py::test_explicit_state_controls_initial_noise_and_is_jittable
tests/test_diffusion_audit_regressions.py::test_solver_drift_matches_probability_flow_including_endpoints[DDIMSolverConfig-EDM]
tests/test_diffusion_audit_regressions.py::test_solver_drift_matches_probability_flow_including_endpoints[DDIMSolverConfig-VE]
tests/test_diffusion_audit_regressions.py::test_solver_drift_matches_probability_flow_including_endpoints[DDIMSolverConfig-VP]
tests/test_diffusion_audit_regressions.py::test_solver_drift_matches_probability_flow_including_endpoints[DDIMSolverConfig-CosineDM]
tests/test_diffusion_audit_regressions.py::test_solver_drift_matches_probability_flow_including_endpoints[VSolverConfig-EDM]
tests/test_diffusion_audit_regressions.py::test_solver_drift_matches_probability_flow_including_endpoints[VSolverConfig-VE]
tests/test_diffusion_audit_regressions.py::test_solver_drift_matches_probability_flow_including_endpoints[VSolverConfig-VP]
tests/test_diffusion_audit_regressions.py::test_solver_drift_matches_probability_flow_including_endpoints[VSolverConfig-CosineDM]
tests/test_diffusion_audit_regressions.py::test_time_vector_broadcast_matches_explicit_column[mlp]
tests/test_diffusion_audit_regressions.py::test_time_vector_broadcast_matches_explicit_column[transformer]
tests/test_diffusion_audit_regressions.py::test_bfloat16_position_encoding_has_no_unsafe_cast
tests/test_diffusion_event_spec.py::test_required_default_and_sampling_override[EDM]
tests/test_diffusion_event_spec.py::test_required_default_and_sampling_override[VE]
tests/test_diffusion_event_spec.py::test_required_default_and_sampling_override[VP]
tests/test_diffusion_event_spec.py::test_required_default_and_sampling_override[CosineDM]
tests/test_diffusion_event_spec.py::test_composable_diffusion_requires_spec
tests/test_diffusion_event_spec.py::test_default_batch_polymorphism_reuses_export[ode]
tests/test_diffusion_event_spec.py::test_default_batch_polymorphism_reuses_export[sde]
tests/test_diffusion_event_spec.py::test_default_change_invalidates_export_but_preserves_bound_views
tests/test_diffusion_event_spec.py::test_pytree_default_and_override_do_not_mutate_caller_metadata
tests/test_diffusion_event_spec.py::test_default_dtype_can_be_overridden_for_a_distribution
tests/test_diffusion_event_spec.py::test_invalid_specs_fail_at_construction[None]
tests/test_diffusion_event_spec.py::test_invalid_specs_fail_at_construction[0]
tests/test_diffusion_event_spec.py::test_invalid_specs_fail_at_construction[-2]
tests/test_diffusion_event_spec.py::test_invalid_specs_fail_at_construction[spec3]
tests/test_diffusion_event_spec.py::test_invalid_specs_fail_at_construction[spec4]
tests/test_diffusion_event_spec.py::test_invalid_specs_fail_at_construction[spec5]
tests/test_diffusion_event_spec.py::test_invalid_specs_fail_at_construction[True]
tests/test_diffusion_event_spec.py::test_discrete_presets_require_default_integer_event[MultinomialCosineDM]
tests/test_diffusion_event_spec.py::test_discrete_presets_require_default_integer_event[MultinomialLogSNRDM]
tests/test_diffusion_event_spec.py::test_discrete_base_rejects_structured_or_float_defaults
tests/test_diffusion_event_spec.py::test_default_metadata_is_static_and_does_not_restrict_jitted_forward
tests/test_diffusion_schedules.py::test_schedule_inverse_and_forward_sde_identity[EDMNoiseSchedule]
tests/test_diffusion_schedules.py::test_schedule_inverse_and_forward_sde_identity[VENoiseSchedule]
tests/test_diffusion_schedules.py::test_schedule_inverse_and_forward_sde_identity[VPNoiseSchedule]
tests/test_diffusion_schedules.py::test_schedule_inverse_and_forward_sde_identity[CosineNoiseSchedule]
tests/test_diffusion_schedules.py::test_generic_scaled_schedule_diffusion
tests/test_diffusion_schedules.py::test_float32_low_noise_round_trip[schedule0]
tests/test_diffusion_schedules.py::test_float32_low_noise_round_trip[schedule1]
tests/test_diffusion_schedules.py::test_float32_low_noise_round_trip[schedule2]
tests/test_diffusion_schedules.py::test_presets_train_and_sample[x0-EDM]
tests/test_diffusion_schedules.py::test_presets_train_and_sample[x0-VE]
tests/test_diffusion_schedules.py::test_presets_train_and_sample[x0-VP]
tests/test_diffusion_schedules.py::test_presets_train_and_sample[x0-CosineDM]
tests/test_diffusion_schedules.py::test_presets_train_and_sample[eps-EDM]
tests/test_diffusion_schedules.py::test_presets_train_and_sample[eps-VE]
tests/test_diffusion_schedules.py::test_presets_train_and_sample[eps-VP]
tests/test_diffusion_schedules.py::test_presets_train_and_sample[eps-CosineDM]
tests/test_diffusion_schedules.py::test_presets_train_and_sample[v-EDM]
tests/test_diffusion_schedules.py::test_presets_train_and_sample[v-VE]
tests/test_diffusion_schedules.py::test_presets_train_and_sample[v-VP]
tests/test_diffusion_schedules.py::test_presets_train_and_sample[v-CosineDM]
tests/test_diffusion_schedules.py::test_categorical_schedule_probabilities[linear]
tests/test_diffusion_schedules.py::test_categorical_schedule_probabilities[cosine]
tests/test_diffusion_schedules.py::test_categorical_schedule_probabilities[sigmoid]
tests/test_diffusion_schedules.py::test_categorical_schedule_probabilities[logsnr]
tests/test_diffusion_schedules.py::test_gaussian_oracle_preconditioning[EDM]
tests/test_diffusion_schedules.py::test_gaussian_oracle_preconditioning[VE]
tests/test_diffusion_schedules.py::test_gaussian_oracle_preconditioning[VP]
tests/test_diffusion_schedules.py::test_gaussian_oracle_preconditioning[CosineDM]
tests/test_diffusion_schedules.py::test_gaussian_oracle_sampling[ode-EDM]
tests/test_diffusion_schedules.py::test_gaussian_oracle_sampling[ode-VE]
tests/test_diffusion_schedules.py::test_gaussian_oracle_sampling[ode-VP]
tests/test_diffusion_schedules.py::test_gaussian_oracle_sampling[ode-CosineDM]
tests/test_diffusion_schedules.py::test_gaussian_oracle_sampling[sde-EDM]
tests/test_diffusion_schedules.py::test_gaussian_oracle_sampling[sde-VE]
tests/test_diffusion_schedules.py::test_gaussian_oracle_sampling[sde-VP]
tests/test_diffusion_schedules.py::test_gaussian_oracle_sampling[sde-CosineDM]
tests/test_diffusion_schedules.py::test_preset_sde_has_nonzero_noise[EDM]
tests/test_diffusion_schedules.py::test_preset_sde_has_nonzero_noise[VE]
tests/test_diffusion_schedules.py::test_preset_sde_has_nonzero_noise[VP]
tests/test_diffusion_schedules.py::test_preset_sde_has_nonzero_noise[CosineDM]
tests/test_diffusion_transformer.py::test_jit_shapes_and_conditioning[shape0]
tests/test_diffusion_transformer.py::test_jit_shapes_and_conditioning[shape1]
tests/test_diffusion_transformer.py::test_jit_shapes_and_conditioning[shape2]
tests/test_diffusion_transformer.py::test_diffusion_training_and_sampling_overrides
tests/test_diffusion_transformer.py::test_factories_and_invalid_context
tests/test_diffusion_transformer.py::test_conditioning_learns_and_mask_is_forwarded
tests/test_diffusion_transformer.py::test_explicit_factory_override_and_odd_width_positions
tests/test_docs.py::test_every_python_block_runs[contributing.md]
tests/test_docs.py::test_every_python_block_runs[getting-started.md]
tests/test_docs.py::test_every_python_block_runs[guides/density-estimation.md]
tests/test_docs.py::test_every_python_block_runs[guides/inference.md]
tests/test_docs.py::test_every_python_block_runs[guides/program-inversion.md]
tests/test_docs.py::test_every_python_block_runs[guides/smc.md]
tests/test_docs.py::test_every_python_block_runs[guides/temporal-smc.md]
tests/test_docs.py::test_every_python_block_runs[index.md]
tests/test_docs.py::test_every_python_block_runs[reference/core.md]
tests/test_docs.py::test_every_python_block_runs[reference/inference.md]
tests/test_docs.py::test_every_python_block_runs[reference/nn.md]
tests/test_docs.py::test_every_python_block_runs[reference/stats.md]
tests/test_docs.py::test_every_python_block_runs[reference/utils.md]
tests/test_docs.py::test_every_python_block_runs[troubleshooting.md]
tests/test_docs.py::test_every_reference_target_resolves[core.md-probjax.core.trace]
tests/test_docs.py::test_every_reference_target_resolves[core.md-probjax.core.joint_sample]
tests/test_docs.py::test_every_reference_target_resolves[core.md-probjax.core.log_joint_fn]
tests/test_docs.py::test_every_reference_target_resolves[core.md-probjax.core.log_potential_fn]
tests/test_docs.py::test_every_reference_target_resolves[core.md-probjax.core.condition]
tests/test_docs.py::test_every_reference_target_resolves[core.md-probjax.core.observe]
tests/test_docs.py::test_every_reference_target_resolves[core.md-probjax.core.intervene]
tests/test_docs.py::test_every_reference_target_resolves[core.md-probjax.core.do]
tests/test_docs.py::test_every_reference_target_resolves[core.md-probjax.core.substitute]
tests/test_docs.py::test_every_reference_target_resolves[core.md-probjax.core.scope]
tests/test_docs.py::test_every_reference_target_resolves[core.md-probjax.core.inverse]
tests/test_docs.py::test_every_reference_target_resolves[core.md-probjax.core.inverse_and_logabsdet]
tests/test_docs.py::test_every_reference_target_resolves[core.md-probjax.core.custom_inverse]
tests/test_docs.py::test_every_reference_target_resolves[core.md-probjax.core.registry.inverse_checks]
tests/test_docs.py::test_every_reference_target_resolves[core.md-probjax.core.JaxprGraph]
tests/test_docs.py::test_every_reference_target_resolves[inference.md-probjax.inference.MCMC]
tests/test_docs.py::test_every_reference_target_resolves[inference.md-probjax.inference.SMC]
tests/test_docs.py::test_every_reference_target_resolves[inference.md-probjax.inference.hmc]
tests/test_docs.py::test_every_reference_target_resolves[inference.md-probjax.inference.nuts]
tests/test_docs.py::test_every_reference_target_resolves[inference.md-probjax.inference.dynamic_hmc]
tests/test_docs.py::test_every_reference_target_resolves[inference.md-probjax.inference.mala]
tests/test_docs.py::test_every_reference_target_resolves[inference.md-probjax.inference.mclmc]
tests/test_docs.py::test_every_reference_target_resolves[inference.md-probjax.inference.adjusted_mclmc]
tests/test_docs.py::test_every_reference_target_resolves[inference.md-probjax.inference.mh]
tests/test_docs.py::test_every_reference_target_resolves[inference.md-probjax.inference.gauss_rwmh]
tests/test_docs.py::test_every_reference_target_resolves[inference.md-probjax.inference.imh]
tests/test_docs.py::test_every_reference_target_resolves[inference.md-probjax.inference.neural_imh]
tests/test_docs.py::test_every_reference_target_resolves[inference.md-probjax.inference.slice]
tests/test_docs.py::test_every_reference_target_resolves[inference.md-probjax.inference.latent_slice]
tests/test_docs.py::test_every_reference_target_resolves[inference.md-probjax.inference.elliptical_slice]
tests/test_docs.py::test_every_reference_target_resolves[inference.md-probjax.inference.arms]
tests/test_docs.py::test_every_reference_target_resolves[inference.md-probjax.inference.a2rms]
tests/test_docs.py::test_every_reference_target_resolves[inference.md-probjax.inference.ars]
tests/test_docs.py::test_every_reference_target_resolves[inference.md-probjax.inference.gaussian_imh]
tests/test_docs.py::test_every_reference_target_resolves[inference.md-probjax.inference.adjusted_mclmc_dynamic]
tests/test_docs.py::test_every_reference_target_resolves[inference.md-probjax.inference.RejectionSampler]
tests/test_docs.py::test_every_reference_target_resolves[inference.md-probjax.inference.pseudo_marginal]
tests/test_docs.py::test_every_reference_target_resolves[inference.md-probjax.inference.sgld]
tests/test_docs.py::test_every_reference_target_resolves[inference.md-probjax.inference.sghmc]
tests/test_docs.py::test_every_reference_target_resolves[inference.md-probjax.inference.sgnht]
tests/test_docs.py::test_every_reference_target_resolves[inference.md-probjax.inference.window_warmup]
tests/test_docs.py::test_every_reference_target_resolves[inference.md-probjax.inference.pathfinder_warmup]
tests/test_docs.py::test_every_reference_target_resolves[inference.md-probjax.inference.mclmc_warmup]
tests/test_docs.py::test_every_reference_target_resolves[inference.md-probjax.inference.neural_imh_warmup]
tests/test_docs.py::test_every_reference_target_resolves[inference.md-probjax.inference.step_size_adaptor]
tests/test_docs.py::test_every_reference_target_resolves[inference.md-probjax.inference.mass_matrix_adaptor]
tests/test_docs.py::test_every_reference_target_resolves[inference.md-probjax.inference.covariance_adaptor]
tests/test_docs.py::test_every_reference_target_resolves[inference.md-probjax.inference.compose_adaptors]
tests/test_docs.py::test_every_reference_target_resolves[inference.md-probjax.inference.acceptance_rate_adaptor]
tests/test_docs.py::test_every_reference_target_resolves[inference.md-probjax.inference.slice_step_size_adaptor]
tests/test_docs.py::test_every_reference_target_resolves[inference.md-probjax.inference.particle_adaptor]
tests/test_docs.py::test_every_reference_target_resolves[inference.md-probjax.inference.adapt]
tests/test_docs.py::test_every_reference_target_resolves[inference.md-probjax.inference.adapt_step]
tests/test_docs.py::test_every_reference_target_resolves[inference.md-probjax.inference.as_warmup]
tests/test_docs.py::test_every_reference_target_resolves[inference.md-probjax.inference.smc]
tests/test_docs.py::test_every_reference_target_resolves[inference.md-probjax.inference.adaptive_smc]
tests/test_docs.py::test_every_reference_target_resolves[inference.md-probjax.inference.persistent_smc]
tests/test_docs.py::test_every_reference_target_resolves[inference.md-probjax.inference.adaptive_persistent_smc]
tests/test_docs.py::test_every_reference_target_resolves[inference.md-probjax.inference.path_smc]
tests/test_docs.py::test_every_reference_target_resolves[inference.md-probjax.inference.GeometricPath]
tests/test_docs.py::test_every_reference_target_resolves[inference.md-probjax.inference.PartialPosteriorsPath]
tests/test_docs.py::test_every_reference_target_resolves[inference.md-probjax.inference.waste_free_strategy]
tests/test_docs.py::test_every_reference_target_resolves[inference.md-probjax.inference.waste_free_smc]
tests/test_docs.py::test_every_reference_target_resolves[inference.md-probjax.inference.tuned_smc]
tests/test_docs.py::test_every_reference_target_resolves[inference.md-probjax.inference.pretuned_smc]
tests/test_docs.py::test_every_reference_target_resolves[inference.md-probjax.inference.population_diagnostics]
tests/test_docs.py::test_every_reference_target_resolves[inference.md-probjax.inference.likelihood_diagnostics]
tests/test_docs.py::test_every_reference_target_resolves[inference.md-probjax.inference.summarize_replicates]
tests/test_docs.py::test_every_reference_target_resolves[inference.md-probjax.inference.recommend_particle_count]
tests/test_docs.py::test_every_reference_target_resolves[inference.md-probjax.inference.exchange_filter_population]
tests/test_docs.py::test_every_reference_target_resolves[inference.md-probjax.inference.adapt_particle_count]
tests/test_docs.py::test_every_reference_target_resolves[inference.md-probjax.inference.init_streaming_window]
tests/test_docs.py::test_every_reference_target_resolves[inference.md-probjax.inference.append_streaming_window]
tests/test_docs.py::test_every_reference_target_resolves[inference.md-probjax.inference.streaming_window_trace]
tests/test_docs.py::test_every_reference_target_resolves[inference.md-probjax.inference.sample_joint_paths]
tests/test_docs.py::test_every_reference_target_resolves[inference.md-probjax.inference.kalman_backend]
tests/test_docs.py::test_every_reference_target_resolves[inference.md-probjax.inference.particle_backend]
tests/test_docs.py::test_every_reference_target_resolves[inference.md-probjax.inference.run_temporal_filter]
tests/test_docs.py::test_every_reference_target_resolves[inference.md-probjax.inference.temporal_smc]
tests/test_docs.py::test_every_reference_target_resolves[inference.md-probjax.inference.run_temporal_smc]
tests/test_docs.py::test_every_reference_target_resolves[inference.md-probjax.inference.sample_gaussian_paths]
tests/test_docs.py::test_every_reference_target_resolves[inference.md-probjax.inference.smooth_gaussian_path]
tests/test_docs.py::test_every_reference_target_resolves[inference.md-probjax.inference.sample_particle_paths]
tests/test_docs.py::test_every_reference_target_resolves[inference.md-probjax.inference.particle_gibbs]
tests/test_docs.py::test_every_reference_target_resolves[inference.md-probjax.inference.TemporalFilter]
tests/test_docs.py::test_every_reference_target_resolves[inference.md-probjax.inference.TemporalTrace]
tests/test_docs.py::test_every_reference_target_resolves[inference.md-probjax.inference.TemporalResult]
tests/test_docs.py::test_every_reference_target_resolves[inference.md-probjax.inference.TemporalSMC]
tests/test_docs.py::test_every_reference_target_resolves[inference.md-probjax.inference.TemporalSMCState]
tests/test_docs.py::test_every_reference_target_resolves[inference.md-probjax.inference.TemporalSMCInfo]
tests/test_docs.py::test_every_reference_target_resolves[inference.md-probjax.inference.ReplayData]
tests/test_docs.py::test_every_reference_target_resolves[inference.md-probjax.inference.kalman_filter]
tests/test_docs.py::test_every_reference_target_resolves[inference.md-probjax.inference.extended_kalman_filter]
tests/test_docs.py::test_every_reference_target_resolves[inference.md-probjax.inference.filtering.unscented_kalman_filter]
tests/test_docs.py::test_every_reference_target_resolves[inference.md-probjax.inference.filtering.square_root_kf]
tests/test_docs.py::test_every_reference_target_resolves[inference.md-probjax.inference.rank_reduced_kalman_filter]
tests/test_docs.py::test_every_reference_target_resolves[inference.md-probjax.inference.sq_kalman_filter]
tests/test_docs.py::test_every_reference_target_resolves[inference.md-probjax.inference.ParticleFilter]
tests/test_docs.py::test_every_reference_target_resolves[inference.md-probjax.inference.particle_smoother]
tests/test_docs.py::test_every_reference_target_resolves[inference.md-probjax.inference.rauch_tung_stribel_smoother]
tests/test_docs.py::test_every_reference_target_resolves[inference.md-probjax.inference.smooth]
tests/test_docs.py::test_every_reference_target_resolves[inference.md-probjax.inference.flow_vi]
tests/test_docs.py::test_every_reference_target_resolves[inference.md-probjax.inference.neutra]
tests/test_docs.py::test_every_reference_target_resolves[inference.md-probjax.inference.FlowVIState]
tests/test_docs.py::test_every_reference_target_resolves[inference.md-probjax.inference.FlowVIInfo]
tests/test_docs.py::test_every_reference_target_resolves[inference.md-probjax.inference.NeuTraTransform]
tests/test_docs.py::test_every_reference_target_resolves[inference.md-probjax.inference.MCMCResult]
tests/test_docs.py::test_every_reference_target_resolves[inference.md-probjax.inference.SMCResult]
tests/test_docs.py::test_every_reference_target_resolves[inference.md-probjax.inference.FilteringResult]
tests/test_docs.py::test_every_reference_target_resolves[inference.md-probjax.inference.AdaptationResult]
tests/test_docs.py::test_every_reference_target_resolves[inference.md-probjax.inference.WarmupResult]
tests/test_docs.py::test_every_reference_target_resolves[inference.md-probjax.inference.MarkovKernel]
tests/test_docs.py::test_every_reference_target_resolves[inference.md-probjax.inference.Kernel]
tests/test_docs.py::test_every_reference_target_resolves[inference.md-probjax.inference.Warmup]
tests/test_docs.py::test_every_reference_target_resolves[inference.md-probjax.inference.Adaptor]
tests/test_docs.py::test_every_reference_target_resolves[inference.md-probjax.inference.FilterState]
tests/test_docs.py::test_every_reference_target_resolves[inference.md-probjax.inference.FilterInfo]
tests/test_docs.py::test_every_reference_target_resolves[inference.md-probjax.inference.FilterKernel]
tests/test_docs.py::test_every_reference_target_resolves[nn.md-probjax.nn.fit]
tests/test_docs.py::test_every_reference_target_resolves[nn.md-probjax.nn.FitMixin]
tests/test_docs.py::test_every_reference_target_resolves[nn.md-probjax.nn.FitCallback]
tests/test_docs.py::test_every_reference_target_resolves[nn.md-probjax.nn.FitState]
tests/test_docs.py::test_every_reference_target_resolves[nn.md-probjax.nn.FitInfo]
tests/test_docs.py::test_every_reference_target_resolves[nn.md-probjax.nn.FitKernel]
tests/test_docs.py::test_every_reference_target_resolves[nn.md-probjax.nn.build_fit_kernel]
tests/test_docs.py::test_every_reference_target_resolves[nn.md-probjax.nn.FitResult]
tests/test_docs.py::test_every_reference_target_resolves[nn.md-probjax.nn.maf]
tests/test_docs.py::test_every_reference_target_resolves[nn.md-probjax.nn.nsf]
tests/test_docs.py::test_every_reference_target_resolves[nn.md-probjax.nn.naf]
tests/test_docs.py::test_every_reference_target_resolves[nn.md-probjax.nn.unaf]
tests/test_docs.py::test_every_reference_target_resolves[nn.md-probjax.nn.sospf]
tests/test_docs.py::test_every_reference_target_resolves[nn.md-probjax.nn.bpf]
tests/test_docs.py::test_every_reference_target_resolves[nn.md-probjax.nn.gf]
tests/test_docs.py::test_every_reference_target_resolves[nn.md-probjax.nn.NormalizingFlow]
tests/test_docs.py::test_every_reference_target_resolves[nn.md-probjax.nn.NFlowConfig]
tests/test_docs.py::test_every_reference_target_resolves[nn.md-probjax.nn.MADE]
tests/test_docs.py::test_every_reference_target_resolves[nn.md-probjax.nn.MixtureAutoregressive]
tests/test_docs.py::test_every_reference_target_resolves[nn.md-probjax.nn.SplineAutoregressive]
tests/test_docs.py::test_every_reference_target_resolves[nn.md-probjax.nn.HistogramAutoregressive]
tests/test_docs.py::test_every_reference_target_resolves[nn.md-probjax.nn.CategoricalAutoregressive]
tests/test_docs.py::test_every_reference_target_resolves[nn.md-probjax.nn.Autoregressive]
tests/test_docs.py::test_every_reference_target_resolves[nn.md-probjax.nn.ARFamily]
tests/test_docs.py::test_every_reference_target_resolves[nn.md-probjax.nn.EDM]
tests/test_docs.py::test_every_reference_target_resolves[nn.md-probjax.nn.VP]
tests/test_docs.py::test_every_reference_target_resolves[nn.md-probjax.nn.VE]
tests/test_docs.py::test_every_reference_target_resolves[nn.md-probjax.nn.MultinomialDiffusion]
tests/test_docs.py::test_every_reference_target_resolves[nn.md-probjax.nn.DiffusionDenoiser]
tests/test_docs.py::test_every_reference_target_resolves[nn.md-probjax.nn.FlowMatcher]
tests/test_docs.py::test_every_reference_target_resolves[nn.md-probjax.nn.MeanFlowMatcher]
tests/test_docs.py::test_every_reference_target_resolves[nn.md-probjax.nn.LinearFlow]
tests/test_docs.py::test_every_reference_target_resolves[nn.md-probjax.nn.MLP]
tests/test_docs.py::test_every_reference_target_resolves[nn.md-probjax.nn.ResNet]
tests/test_docs.py::test_every_reference_target_resolves[nn.md-probjax.nn.Transformer]
tests/test_docs.py::test_every_reference_target_resolves[nn.md-probjax.nn.UNet]
tests/test_docs.py::test_every_reference_target_resolves[nn.md-probjax.nn.DeepSet]
tests/test_docs.py::test_every_reference_target_resolves[nn.md-probjax.nn.DiffusionTransformer]
tests/test_docs.py::test_every_reference_target_resolves[stats.md-probjax.stats.rv_generic]
tests/test_docs.py::test_every_reference_target_resolves[stats.md-probjax.stats.rv_continuous]
tests/test_docs.py::test_every_reference_target_resolves[stats.md-probjax.stats.rv_discrete]
tests/test_docs.py::test_every_reference_target_resolves[stats.md-probjax.stats.rv_multivariate]
tests/test_docs.py::test_every_reference_target_resolves[stats.md-probjax.stats.rv_frozen]
tests/test_docs.py::test_every_reference_target_resolves[stats.md-probjax.stats.rv_exponential_family]
tests/test_docs.py::test_every_reference_target_resolves[stats.md-probjax.stats.rv_spherical]
tests/test_docs.py::test_every_reference_target_resolves[stats.md-probjax.stats.norm]
tests/test_docs.py::test_every_reference_target_resolves[stats.md-probjax.stats.gamma]
tests/test_docs.py::test_every_reference_target_resolves[stats.md-probjax.stats.beta]
tests/test_docs.py::test_every_reference_target_resolves[stats.md-probjax.stats.expon]
tests/test_docs.py::test_every_reference_target_resolves[stats.md-probjax.stats.laplace]
tests/test_docs.py::test_every_reference_target_resolves[stats.md-probjax.stats.logistic]
tests/test_docs.py::test_every_reference_target_resolves[stats.md-probjax.stats.uniform]
tests/test_docs.py::test_every_reference_target_resolves[stats.md-probjax.stats.cauchy]
tests/test_docs.py::test_every_reference_target_resolves[stats.md-probjax.stats.chi2]
tests/test_docs.py::test_every_reference_target_resolves[stats.md-probjax.stats.t]
tests/test_docs.py::test_every_reference_target_resolves[stats.md-probjax.stats.pareto]
tests/test_docs.py::test_every_reference_target_resolves[stats.md-probjax.stats.genpareto]
tests/test_docs.py::test_every_reference_target_resolves[stats.md-probjax.stats.gennorm]
tests/test_docs.py::test_every_reference_target_resolves[stats.md-probjax.stats.skewnorm]
tests/test_docs.py::test_every_reference_target_resolves[stats.md-probjax.stats.truncnorm]
tests/test_docs.py::test_every_reference_target_resolves[stats.md-probjax.stats.mixture_kernel]
tests/test_docs.py::test_every_reference_target_resolves[stats.md-probjax.stats.logistic_mixture_kernel]
tests/test_docs.py::test_every_reference_target_resolves[stats.md-probjax.stats.histogram]
tests/test_docs.py::test_every_reference_target_resolves[stats.md-probjax.stats.tailed_histogram]
tests/test_docs.py::test_every_reference_target_resolves[stats.md-probjax.stats.spline_normal]
tests/test_docs.py::test_every_reference_target_resolves[stats.md-probjax.stats.multivariate_normal]
tests/test_docs.py::test_every_reference_target_resolves[stats.md-probjax.stats.dirichlet]
tests/test_docs.py::test_every_reference_target_resolves[stats.md-probjax.stats.vonmises]
tests/test_docs.py::test_every_reference_target_resolves[stats.md-probjax.stats.watson]
tests/test_docs.py::test_every_reference_target_resolves[stats.md-probjax.stats.bingham]
tests/test_docs.py::test_every_reference_target_resolves[stats.md-probjax.stats.wrapcauchy]
tests/test_docs.py::test_every_reference_target_resolves[stats.md-probjax.stats.bernoulli]
tests/test_docs.py::test_every_reference_target_resolves[stats.md-probjax.stats.binomial]
tests/test_docs.py::test_every_reference_target_resolves[stats.md-probjax.stats.categorical]
tests/test_docs.py::test_every_reference_target_resolves[stats.md-probjax.stats.poisson]
tests/test_docs.py::test_every_reference_target_resolves[stats.md-probjax.stats.geometric]
tests/test_docs.py::test_every_reference_target_resolves[stats.md-probjax.stats.dirac]
tests/test_docs.py::test_every_reference_target_resolves[stats.md-probjax.stats.empirical]
tests/test_docs.py::test_every_reference_target_resolves[stats.md-probjax.stats.transformed]
tests/test_docs.py::test_every_reference_target_resolves[stats.md-probjax.stats.mixture]
tests/test_docs.py::test_every_reference_target_resolves[stats.md-probjax.stats.indep]
tests/test_docs.py::test_every_reference_target_resolves[stats.md-probjax.stats.fit]
tests/test_docs.py::test_every_reference_target_resolves[stats.md-probjax.stats.FitMixin]
tests/test_docs.py::test_every_reference_target_resolves[stats.md-probjax.stats.is_batch_stream]
tests/test_docs.py::test_every_reference_target_resolves[stats.md-probjax.stats.take_batches]
tests/test_docs.py::test_every_reference_target_resolves[stats.md-probjax.stats.TransformedDistribution]
tests/test_docs.py::test_every_reference_target_resolves[stats.md-probjax.stats.forward_and_logdet]
tests/test_docs.py::test_every_reference_target_resolves[stats.md-probjax.stats.ensure_invertible]
tests/test_docs.py::test_every_reference_target_resolves[utils.md-probjax.utils.odeint]
tests/test_docs.py::test_every_reference_target_resolves[utils.md-probjax.utils.sdeint]
tests/test_docs.py::test_every_reference_target_resolves[utils.md-probjax.utils.root]
tests/test_docs.py::test_every_reference_target_resolves[utils.md-probjax.utils.newton_raphson]
tests/test_docs.py::test_every_reference_target_resolves[utils.md-probjax.utils.betaincinv]
tests/test_docs.py::test_every_reference_target_resolves[utils.md-probjax.utils.betainccinv]
tests/test_docs.py::test_every_reference_target_resolves[utils.md-probjax.utils.gammaincinv]
tests/test_docs.py::test_every_reference_target_resolves[utils.md-probjax.utils.gammainccinv]
tests/test_docs.py::test_every_reference_target_resolves[utils.md-probjax.utils.log1mexp]
tests/test_docs.py::test_every_reference_target_resolves[utils.md-probjax.utils.logdiffexp]
tests/test_docs.py::test_every_reference_target_resolves[utils.md-probjax.utils.digammainv]
tests/test_docs.py::test_every_reference_target_resolves[utils.md-probjax.utils.linear_interpolation]
tests/test_docs.py::test_every_reference_target_resolves[utils.md-probjax.utils.polynomial_interpolation]
tests/test_docs.py::test_every_reference_target_resolves[utils.md-probjax.utils.cholesky_update]
tests/test_docs.py::test_every_reference_target_resolves[utils.md-probjax.utils.mv_diag_or_dense]
tests/test_docs.py::test_the_site_builds
tests/test_docs.py::test_public_api_is_documented_or_explicitly_excluded[probjax.core]
tests/test_docs.py::test_public_api_is_documented_or_explicitly_excluded[probjax.stats]
tests/test_docs.py::test_public_api_is_documented_or_explicitly_excluded[probjax.inference]
tests/test_docs.py::test_public_api_is_documented_or_explicitly_excluded[probjax.utils]
tests/test_docs.py::test_no_sphinx_files_remain
tests/test_docs.py::test_every_nav_entry_exists
tests/test_exp_ab2_audit.py::test_exp_ab2_second_order_on_variable_scalar_linear_ode[False-False]
tests/test_exp_ab2_audit.py::test_exp_ab2_second_order_on_variable_scalar_linear_ode[False-True]
tests/test_exp_ab2_audit.py::test_exp_ab2_second_order_on_variable_scalar_linear_ode[True-False]
tests/test_exp_ab2_audit.py::test_exp_ab2_second_order_on_variable_scalar_linear_ode[True-True]
tests/test_filtering.py::TestFilterKernel::test_kernel_has_default_unpack
tests/test_filtering.py::TestFilterKernel::test_kernel_is_callable
tests/test_filtering.py::TestFilterKernel::test_kalman_default_unpack
tests/test_filtering.py::TestKalmanFilter::test_predict_step
tests/test_filtering.py::TestKalmanFilter::test_update_step
tests/test_filtering.py::TestKalmanFilter::test_multiple_steps
tests/test_filtering.py::TestExtendedKalmanFilter::test_linear_model_matches_kf
tests/test_filtering.py::TestUnscentedKalmanFilter::test_linear_model_produces_finite_results
tests/test_filtering.py::TestUnscentedKalmanFilter::test_sigma_point_strategies[merwe]
tests/test_filtering.py::TestUnscentedKalmanFilter::test_sigma_point_strategies[julier_uhlmann]
tests/test_filtering.py::TestUnscentedKalmanFilter::test_sigma_point_strategies[spherical_simplex]
tests/test_filtering.py::TestSquareRootKalmanFilter::test_predict_step
tests/test_filtering.py::TestSquareRootKalmanFilter::test_update_step
tests/test_filtering.py::TestRankReducedKalmanFilter::test_predict_and_update_steps
tests/test_filtering.py::TestRankReducedKalmanFilter::test_matches_dense_kf_when_rank_is_full
tests/test_filtering.py::TestRankReducedKalmanFilter::test_lowrank_process_noise_tuple_matches_dense
tests/test_filtering.py::TestRankReducedKalmanFilter::test_energy_threshold_reduces_effective_rank
tests/test_filtering.py::TestRankReducedKalmanFilter::test_transition_three_tuple_and_lowrank_init
tests/test_filtering.py::TestParticleFilter::test_predict_step
tests/test_filtering.py::TestParticleFilter::test_update_step
tests/test_filtering.py::TestParticleFilter::test_default_unpack_returns_particles
tests/test_filtering.py::TestMakeFilterApi::test_basic_factory
tests/test_filtering.py::TestMakeFilterApi::test_custom_unpack
tests/test_filtering.py::TestRTSSmoother::test_single_step
tests/test_filtering.py::TestParticleSmoother::test_basic_smoke
tests/test_filtering.py::TestParticleSmoother::test_output_is_finite
tests/test_filtering.py::TestParticleSmoother::test_weights_are_uniform
tests/test_filtering.py::TestParticleSmoother::test_smoothed_mean_closer_to_truth
tests/test_filtering.py::TestImports::test_filtering_init_exports
tests/test_filtering.py::TestImports::test_filter_smooth_imports
tests/test_filtering.py::TestUnifiedFilterSmoothingAPI::test_gaussian_smoothing_from_filtering_states
tests/test_filtering.py::TestUnifiedFilterSmoothingAPI::test_particle_smoothing_from_filtering_states
tests/test_filtering.py::TestUnifiedFilterSmoothingAPI::test_filter_and_smooth_gaussian
tests/test_filtering.py::TestUnifiedFilterSmoothingAPI::test_filter_and_smooth_particle
tests/test_filtering.py::TestUnifiedFilterSmoothingAPI::test_filter_and_smooth_rank_reduced_gaussian
tests/test_filtering.py::TestFilterClass::test_filter_returns_trace
tests/test_filtering.py::TestFilterClass::test_smooth_gaussian
tests/test_filtering.py::TestFilterClass::test_smooth_particle
tests/test_filtering.py::TestFilterClass::test_log_likelihood
tests/test_filtering.py::TestFilterClass::test_filter_smooth_particle_one_shot
tests/test_filtering.py::TestFilterClass::test_trace_helpers
tests/test_filtering.py::TestFilterClass::test_step_method
tests/test_filtering.py::TestFilterClass::test_smooth_auto_detect_gaussian
tests/test_filtering.py::TestFilterClass::test_smooth_auto_detect_particle
tests/test_filtering.py::TestFilterClass::test_frozen_api_functional
tests/test_filtering.py::TestFilterClass::test_frozen_api_oo
tests/test_filtering.py::TestFilterClass::test_frozen_apis_match
tests/test_filtering.py::TestFilterClass::test_fit_method_exists
tests/test_fit_jit.py::test_complete_fit_jits_with_legacy_and_detailed_returns
tests/test_fit_jit.py::test_complete_fit_resumes_under_jit_and_preserves_auxiliary_state
tests/test_fit_jit.py::test_explicit_loss_callback_inside_jit_has_fixed_history
tests/test_fit_jit.py::test_io_lifecycle_callbacks_execute_at_runtime_and_forward_state_info
tests/test_fit_jit.py::test_io_begin_stop_and_zero_steps_preserve_valid_count
tests/test_fit_jit.py::test_host_callbacks_require_explicit_io_mode_under_jit
tests/test_fit_jit.py::test_pure_fit_contains_no_host_callback_and_differentiates
tests/test_fit_jit.py::test_module_fit_under_nnx_jit_updates_parameters_and_mutable_state
tests/test_fit_jit.py::test_flow_fit_under_nnx_jit_standardizes_only_once
tests/test_fit_jit.py::test_jitted_standardization_preserves_state_dtype
tests/test_fit_state_info.py::test_pure_kernel_scan_and_fit_forward_identical_state_info
tests/test_fit_state_info.py::test_auxiliary_metrics_reach_every_callback_and_partial_history
tests/test_fit_state_info.py::test_resume_forwards_optimizer_rng_ema_and_absolute_step
tests/test_fit_state_info.py::test_early_stop_truncates_all_info_leaves
tests/test_fit_state_info.py::test_empty_info_retains_metric_structure_and_dtypes
tests/test_fit_state_info.py::test_custom_kernel_forwards_user_state_and_metrics
tests/test_fit_state_info.py::test_module_loss_aux_and_mutable_state_forward_together_on_resume
tests/test_fit_state_info.py::test_resume_rejects_missing_ema_configuration
tests/test_flow_architectures.py::test_monotone_bijector_roundtrip_and_logdet[dsf-config0-inv_deep_sigmoid]
tests/test_flow_architectures.py::test_monotone_bijector_roundtrip_and_logdet[umnn-config1-inv_unconstrained_monotone]
tests/test_flow_architectures.py::test_monotone_bijector_roundtrip_and_logdet[sos-config2-inv_sos_polynomial]
tests/test_flow_architectures.py::test_monotone_bijector_roundtrip_and_logdet[bernstein-config3-inv_bernstein]
tests/test_flow_architectures.py::test_monotone_bijector_roundtrip_and_logdet[mixcdf-config4-inv_mixture_cdf]
tests/test_flow_architectures.py::test_flow_trains_and_normalizes[NeuralAutoregressiveFlow]
tests/test_flow_architectures.py::test_flow_trains_and_normalizes[UnconstrainedNeuralAutoregressiveFlow]
tests/test_flow_architectures.py::test_flow_trains_and_normalizes[SumOfSquaresPolynomialFlow]
tests/test_flow_architectures.py::test_flow_trains_and_normalizes[BernsteinPolynomialFlow]
tests/test_flow_architectures.py::test_flow_trains_and_normalizes[GaussianizationFlow]
tests/test_flow_architectures.py::test_autoregressive_monotone_flow_conditional[NeuralAutoregressiveFlow]
tests/test_flow_architectures.py::test_autoregressive_monotone_flow_conditional[UnconstrainedNeuralAutoregressiveFlow]
tests/test_flow_architectures.py::test_autoregressive_monotone_flow_conditional[SumOfSquaresPolynomialFlow]
tests/test_flow_architectures.py::test_autoregressive_monotone_flow_conditional[BernsteinPolynomialFlow]
tests/test_flow_event_spec.py::test_required_default_and_polymorphic_sampling[LinearFlow]
tests/test_flow_event_spec.py::test_required_default_and_polymorphic_sampling[LinearMeanFlow]
tests/test_flow_event_spec.py::test_invalid_defaults[None-LinearFlow]
tests/test_flow_event_spec.py::test_invalid_defaults[None-LinearMeanFlow]
tests/test_flow_event_spec.py::test_invalid_defaults[0-LinearFlow]
tests/test_flow_event_spec.py::test_invalid_defaults[0-LinearMeanFlow]
tests/test_flow_event_spec.py::test_invalid_defaults[spec2-LinearFlow]
tests/test_flow_event_spec.py::test_invalid_defaults[spec2-LinearMeanFlow]
tests/test_flow_event_spec.py::test_invalid_defaults[spec3-LinearFlow]
tests/test_flow_event_spec.py::test_invalid_defaults[spec3-LinearMeanFlow]
tests/test_flow_event_spec.py::test_invalid_defaults[spec4-LinearFlow]
tests/test_flow_event_spec.py::test_invalid_defaults[spec4-LinearMeanFlow]
tests/test_flow_event_spec.py::test_default_change_invalidates_export_but_preserves_bound_views[LinearFlow]
tests/test_flow_event_spec.py::test_default_change_invalidates_export_but_preserves_bound_views[LinearMeanFlow]
tests/test_flow_event_spec.py::test_pytree_default_and_override_do_not_mutate_caller_metadata[LinearFlow]
tests/test_flow_event_spec.py::test_pytree_default_and_override_do_not_mutate_caller_metadata[LinearMeanFlow]
tests/test_flow_event_spec.py::test_default_dtype_can_be_overridden_for_a_distribution[LinearFlow]
tests/test_flow_event_spec.py::test_default_dtype_can_be_overridden_for_a_distribution[LinearMeanFlow]
tests/test_flow_event_spec.py::test_composable_base_requires_default[LinearFlow]
tests/test_flow_event_spec.py::test_composable_base_requires_default[LinearMeanFlow]
tests/test_flow_event_spec.py::test_invalid_override_does_not_change_default[LinearFlow]
tests/test_flow_event_spec.py::test_invalid_override_does_not_change_default[LinearMeanFlow]
tests/test_generative_sampling.py::test_flow_distribution_supports_pytree_events
tests/test_generative_sampling.py::test_distribution_supports_pytree_events_and_context[flow]
tests/test_generative_sampling.py::test_distribution_supports_pytree_events_and_context[mean-flow]
tests/test_generative_sampling.py::test_distribution_supports_pytree_events_and_context[diffusion]
tests/test_generative_sampling.py::test_diffusion_sde_distribution_supports_pytree_context
tests/test_generative_sampling.py::test_diffusion_sde_trace_is_time_first_with_pytree_context
tests/test_generative_sampling.py::test_flow_distribution_is_batch_polymorphic
tests/test_generative_sampling.py::test_mean_flow_distribution_is_batch_polymorphic
tests/test_generative_sampling.py::test_normalizing_flow_distribution_is_batch_polymorphic
tests/test_generative_sampling.py::test_normalizing_flow_distribution_supports_context
tests/test_generative_sampling.py::test_normalizing_flow_distribution_supports_pytree_events_and_context
tests/test_generative_sampling.py::test_distribution_reads_current_model_state
tests/test_generative_sampling.py::test_diffusion_distribution_is_batch_polymorphic[ode]
tests/test_generative_sampling.py::test_diffusion_distribution_is_batch_polymorphic[sde]
tests/test_generative_sampling.py::test_diffusion_ode_sampler_preserves_specialized_drift[EDM]
tests/test_generative_sampling.py::test_diffusion_ode_sampler_preserves_specialized_drift[VE]
tests/test_generative_sampling.py::test_diffusion_ode_sampler_preserves_specialized_drift[VP]
tests/test_generative_sampling.py::test_diffusion_ode_sampler_preserves_specialized_drift[CosineDM]
tests/test_generative_sampling.py::test_flow_distribution_exposes_paths_separately
tests/test_generative_sampling.py::test_diffusion_distribution_exposes_paths_separately
tests/test_generative_sampling.py::test_as_dist_is_the_inference_entry_point
tests/test_generative_sampling.py::test_distribution_binds_pytree_context
tests/test_generative_sampling.py::test_distribution_exposes_flow_logpdf
tests/test_generative_sampling.py::test_distribution_binds_context_for_sample_and_logpdf
tests/test_generative_sampling.py::test_distribution_reports_missing_logpdf
tests/test_generative_sampling.py::test_distribution_rebuilds_after_cache_invalidation
tests/test_generative_sampling.py::test_sigmoid_pair_config_produces_interior_pairs
tests/test_generative_sampling.py::test_mean_flow_r_clip_has_no_tie_split
tests/test_generative_sampling.py::test_mean_flow_loss_is_finite_with_new_sampler
tests/test_generative_sampling.py::test_mean_flow_imf_matches_original_on_diagonal
tests/test_generative_sampling.py::test_mean_flow_imf_differs_off_diagonal
tests/test_generative_sampling.py::test_mean_flow_original_objective_still_available
tests/test_inference_adaptation.py::test_step_size_adaptor_supports_mapping_params
tests/test_inference_adaptation.py::test_local_adaptor_step_updates_the_next_transition_parameters
tests/test_inference_adaptation.py::test_composed_adaptors_update_step_size_and_scale
tests/test_inference_adaptation.py::test_mass_matrix_adaptor_diagonal_and_dense_shapes
tests/test_inference_adaptation.py::test_window_warmup_ports_blackjax_window_state_machine
tests/test_inference_adaptation.py::test_smc_acceptance_adaptor_preserves_shared_shape
tests/test_inference_mcmc_and_smc.py::test_markov_kernel_vector_input[hmc-in_shape0]
tests/test_inference_mcmc_and_smc.py::test_markov_kernel_vector_input[hmc-in_shape1]
tests/test_inference_mcmc_and_smc.py::test_markov_kernel_vector_input[hmc-in_shape2]
tests/test_inference_mcmc_and_smc.py::test_markov_kernel_vector_input[hmc-in_shape3]
tests/test_inference_mcmc_and_smc.py::test_markov_kernel_vector_input[nuts-in_shape4]
tests/test_inference_mcmc_and_smc.py::test_markov_kernel_vector_input[nuts-in_shape5]
tests/test_inference_mcmc_and_smc.py::test_markov_kernel_vector_input[nuts-in_shape6]
tests/test_inference_mcmc_and_smc.py::test_markov_kernel_vector_input[nuts-in_shape7]
tests/test_inference_mcmc_and_smc.py::test_markov_kernel_vector_input[mclmc-in_shape8]
tests/test_inference_mcmc_and_smc.py::test_markov_kernel_vector_input[mclmc-in_shape9]
tests/test_inference_mcmc_and_smc.py::test_markov_kernel_vector_input[mclmc-in_shape10]
tests/test_inference_mcmc_and_smc.py::test_markov_kernel_vector_input[mclmc-in_shape11]
tests/test_inference_mcmc_and_smc.py::test_markov_kernel_vector_input[adjusted_mclmc-in_shape12]
tests/test_inference_mcmc_and_smc.py::test_markov_kernel_vector_input[adjusted_mclmc-in_shape13]
tests/test_inference_mcmc_and_smc.py::test_markov_kernel_vector_input[adjusted_mclmc-in_shape14]
tests/test_inference_mcmc_and_smc.py::test_markov_kernel_vector_input[adjusted_mclmc-in_shape15]
tests/test_inference_mcmc_and_smc.py::test_markov_kernel_vector_input[adjusted_mclmc_dynamic-in_shape16]
tests/test_inference_mcmc_and_smc.py::test_markov_kernel_vector_input[adjusted_mclmc_dynamic-in_shape17]
tests/test_inference_mcmc_and_smc.py::test_markov_kernel_vector_input[adjusted_mclmc_dynamic-in_shape18]
tests/test_inference_mcmc_and_smc.py::test_markov_kernel_vector_input[adjusted_mclmc_dynamic-in_shape19]
tests/test_inference_mcmc_and_smc.py::test_markov_kernel_vector_input[gaussian_imh-in_shape20]
tests/test_inference_mcmc_and_smc.py::test_markov_kernel_vector_input[gaussian_imh-in_shape21]
tests/test_inference_mcmc_and_smc.py::test_markov_kernel_vector_input[gaussian_imh-in_shape22]
tests/test_inference_mcmc_and_smc.py::test_markov_kernel_vector_input[gaussian_imh-in_shape23]
tests/test_inference_mcmc_and_smc.py::test_markov_kernel_vector_input[gauss_rwmh-in_shape24]
tests/test_inference_mcmc_and_smc.py::test_markov_kernel_vector_input[gauss_rwmh-in_shape25]
tests/test_inference_mcmc_and_smc.py::test_markov_kernel_vector_input[gauss_rwmh-in_shape26]
tests/test_inference_mcmc_and_smc.py::test_markov_kernel_vector_input[gauss_rwmh-in_shape27]
tests/test_inference_mcmc_and_smc.py::test_markov_kernel_vector_input[mala-in_shape28]
tests/test_inference_mcmc_and_smc.py::test_markov_kernel_vector_input[mala-in_shape29]
tests/test_inference_mcmc_and_smc.py::test_markov_kernel_vector_input[mala-in_shape30]
tests/test_inference_mcmc_and_smc.py::test_markov_kernel_vector_input[mala-in_shape31]
tests/test_inference_mcmc_and_smc.py::test_markov_kernel_vector_input[dynamic_hmc-in_shape32]
tests/test_inference_mcmc_and_smc.py::test_markov_kernel_vector_input[dynamic_hmc-in_shape33]
tests/test_inference_mcmc_and_smc.py::test_markov_kernel_vector_input[dynamic_hmc-in_shape34]
tests/test_inference_mcmc_and_smc.py::test_markov_kernel_vector_input[dynamic_hmc-in_shape35]
tests/test_inference_mcmc_and_smc.py::test_markov_kernel_vector_input[slice-in_shape36]
tests/test_inference_mcmc_and_smc.py::test_markov_kernel_vector_input[slice-in_shape37]
tests/test_inference_mcmc_and_smc.py::test_markov_kernel_vector_input[slice-in_shape38]
tests/test_inference_mcmc_and_smc.py::test_markov_kernel_vector_input[slice-in_shape39]
tests/test_inference_mcmc_and_smc.py::test_markov_kernel_vector_input[latent_slice-in_shape40]
tests/test_inference_mcmc_and_smc.py::test_markov_kernel_vector_input[latent_slice-in_shape41]
tests/test_inference_mcmc_and_smc.py::test_markov_kernel_vector_input[latent_slice-in_shape42]
tests/test_inference_mcmc_and_smc.py::test_markov_kernel_vector_input[latent_slice-in_shape43]
tests/test_inference_mcmc_and_smc.py::test_markov_kernel_vector_input[elliptical_slice-in_shape44]
tests/test_inference_mcmc_and_smc.py::test_markov_kernel_vector_input[elliptical_slice-in_shape45]
tests/test_inference_mcmc_and_smc.py::test_markov_kernel_vector_input[elliptical_slice-in_shape46]
tests/test_inference_mcmc_and_smc.py::test_markov_kernel_vector_input[elliptical_slice-in_shape47]
tests/test_inference_mcmc_and_smc.py::test_markov_kernel_adaptation_sanity[hmc]
tests/test_inference_mcmc_and_smc.py::test_markov_kernel_adaptation_sanity[nuts]
tests/test_inference_mcmc_and_smc.py::test_markov_kernel_adaptation_sanity[mala]
tests/test_inference_mcmc_and_smc.py::test_markov_kernel_adaptation_sanity[gauss_rwmh]
tests/test_inference_mcmc_and_smc.py::test_markov_kernel_invariance[hmc-in_shape0]
tests/test_inference_mcmc_and_smc.py::test_markov_kernel_invariance[hmc-in_shape1]
tests/test_inference_mcmc_and_smc.py::test_markov_kernel_invariance[hmc-in_shape2]
tests/test_inference_mcmc_and_smc.py::test_markov_kernel_invariance[nuts-in_shape3]
tests/test_inference_mcmc_and_smc.py::test_markov_kernel_invariance[nuts-in_shape4]
tests/test_inference_mcmc_and_smc.py::test_markov_kernel_invariance[nuts-in_shape5]
tests/test_inference_mcmc_and_smc.py::test_markov_kernel_invariance[mclmc-in_shape6]
tests/test_inference_mcmc_and_smc.py::test_markov_kernel_invariance[mclmc-in_shape7]
tests/test_inference_mcmc_and_smc.py::test_markov_kernel_invariance[mclmc-in_shape8]
tests/test_inference_mcmc_and_smc.py::test_markov_kernel_invariance[adjusted_mclmc-in_shape9]
tests/test_inference_mcmc_and_smc.py::test_markov_kernel_invariance[adjusted_mclmc-in_shape10]
tests/test_inference_mcmc_and_smc.py::test_markov_kernel_invariance[adjusted_mclmc-in_shape11]
tests/test_inference_mcmc_and_smc.py::test_markov_kernel_invariance[adjusted_mclmc_dynamic-in_shape12]
tests/test_inference_mcmc_and_smc.py::test_markov_kernel_invariance[adjusted_mclmc_dynamic-in_shape13]
tests/test_inference_mcmc_and_smc.py::test_markov_kernel_invariance[adjusted_mclmc_dynamic-in_shape14]
tests/test_inference_mcmc_and_smc.py::test_markov_kernel_invariance[gaussian_imh-in_shape15]
tests/test_inference_mcmc_and_smc.py::test_markov_kernel_invariance[gaussian_imh-in_shape16]
tests/test_inference_mcmc_and_smc.py::test_markov_kernel_invariance[gaussian_imh-in_shape17]
tests/test_inference_mcmc_and_smc.py::test_markov_kernel_invariance[gauss_rwmh-in_shape18]
tests/test_inference_mcmc_and_smc.py::test_markov_kernel_invariance[gauss_rwmh-in_shape19]
tests/test_inference_mcmc_and_smc.py::test_markov_kernel_invariance[gauss_rwmh-in_shape20]
tests/test_inference_mcmc_and_smc.py::test_markov_kernel_invariance[mala-in_shape21]
tests/test_inference_mcmc_and_smc.py::test_markov_kernel_invariance[mala-in_shape22]
tests/test_inference_mcmc_and_smc.py::test_markov_kernel_invariance[mala-in_shape23]
tests/test_inference_mcmc_and_smc.py::test_markov_kernel_invariance[dynamic_hmc-in_shape24]
tests/test_inference_mcmc_and_smc.py::test_markov_kernel_invariance[dynamic_hmc-in_shape25]
tests/test_inference_mcmc_and_smc.py::test_markov_kernel_invariance[dynamic_hmc-in_shape26]
tests/test_inference_mcmc_and_smc.py::test_markov_kernel_invariance[slice-in_shape27]
tests/test_inference_mcmc_and_smc.py::test_markov_kernel_invariance[slice-in_shape28]
tests/test_inference_mcmc_and_smc.py::test_markov_kernel_invariance[slice-in_shape29]
tests/test_inference_mcmc_and_smc.py::test_markov_kernel_invariance[latent_slice-in_shape30]
tests/test_inference_mcmc_and_smc.py::test_markov_kernel_invariance[latent_slice-in_shape31]
tests/test_inference_mcmc_and_smc.py::test_markov_kernel_invariance[latent_slice-in_shape32]
tests/test_inference_mcmc_and_smc.py::test_markov_kernel_invariance[elliptical_slice-in_shape33]
tests/test_inference_mcmc_and_smc.py::test_markov_kernel_invariance[elliptical_slice-in_shape34]
tests/test_inference_mcmc_and_smc.py::test_markov_kernel_invariance[elliptical_slice-in_shape35]
tests/test_inference_mcmc_and_smc.py::test_smc_geometric_path_step
tests/test_inference_mcmc_and_smc.py::test_smc_partial_posteriors_path_step
tests/test_inference_mcmc_and_smc.py::test_smc_runner_run
tests/test_inference_mcmc_and_smc.py::test_smc_runner_sample
tests/test_inference_mcmc_and_smc.py::test_persistent_smc_step
tests/test_inference_mcmc_and_smc.py::test_persistent_smc_multiple_steps
tests/test_inference_mcmc_and_smc.py::test_adaptive_persistent_smc_step
tests/test_inference_mcmc_and_smc.py::test_adaptive_persistent_smc_multiple_steps
tests/test_inference_mcmc_and_smc.py::test_smc_runner_sample_advances_key_past_kernel_step
tests/test_inference_mcmc_and_smc.py::test_sgmcmc_step_with_args[sgld]
tests/test_inference_mcmc_and_smc.py::test_sgmcmc_step_with_args[sghmc]
tests/test_inference_mcmc_and_smc.py::test_sgmcmc_step_with_args[sgnht]
tests/test_inference_mcmc_and_smc.py::test_sgmcmc_mcmc_runner_run[sgld]
tests/test_inference_mcmc_and_smc.py::test_sgmcmc_mcmc_runner_run[sghmc]
tests/test_inference_mcmc_and_smc.py::test_sgmcmc_mcmc_runner_run[sgnht]
tests/test_inference_mcmc_and_smc.py::test_mcmc_runner_run_without_args_unchanged
tests/test_inference_mcmc_and_smc.py::test_mcmc_runner_sample_advances_key_past_inner_scan
tests/test_inference_mcmc_and_smc.py::test_sgmcmc_mcmc_runner_sample[sgld]
tests/test_inference_mcmc_and_smc.py::test_sgmcmc_mcmc_runner_sample[sgnht]
tests/test_inference_mcmc_and_smc.py::test_pseudo_marginal_step[gauss_rwmh]
tests/test_inference_mcmc_and_smc.py::test_pseudo_marginal_step[mala]
tests/test_inference_mcmc_and_smc.py::test_pseudo_marginal_hmc
tests/test_inference_mcmc_and_smc.py::test_pseudo_marginal_num_samples
tests/test_inference_mcmc_and_smc.py::test_pseudo_marginal_mcmc_runner
tests/test_inference_mcmc_and_smc.py::test_pseudo_marginal_mcmc_runner_hmc
tests/test_inference_mcmc_and_smc.py::test_mcmc_runner_custom_tracked_stats
tests/test_inference_mcmc_and_smc.py::test_mcmc_runner_logdensity_tracked
tests/test_inference_runners.py::test_mcmc_runners_collect_requested_outputs
tests/test_inference_runners.py::test_mcmc_static_runner_primitive
tests/test_inference_runners.py::test_step_size_adaptor_is_a_compiled_state_machine
tests/test_inference_runners.py::test_smc_static_runner_primitive
tests/test_inference_vi.py::test_transformed_logdensity_matches_a_brute_force_jacobian[maf]
tests/test_inference_vi.py::test_transformed_logdensity_matches_a_brute_force_jacobian[nsf]
tests/test_inference_vi.py::test_a_well_fitted_flow_turns_the_target_into_a_standard_normal
tests/test_inference_vi.py::test_forward_accepts_a_single_position_and_a_batch
tests/test_inference_vi.py::test_flow_vi_is_a_blackjax_vi_algorithm
tests/test_inference_vi.py::test_flow_vi_recovers_a_correlated_gaussian
tests/test_inference_vi.py::test_the_objective_goes_down_and_is_the_negative_elbo
tests/test_inference_vi.py::test_both_gradient_estimators_train[stl]
tests/test_inference_vi.py::test_both_gradient_estimators_train[no_stl]
tests/test_inference_vi.py::test_neutra_improves_mixing_on_the_funnel
tests/test_inference_vi.py::test_the_transformed_target_drives_every_kernel[mala]
tests/test_inference_vi.py::test_the_transformed_target_drives_every_kernel[hmc]
tests/test_inference_vi.py::test_the_transformed_target_drives_every_kernel[nuts]
tests/test_inference_vi.py::test_the_transformed_target_survives_jit_and_vmap_over_chains
tests/test_inference_vi.py::test_an_untrained_flow_still_gives_a_valid_target
tests/test_io_util.py::test_dataloader_mesh_batch_spec_uses_explicit_spec_tree
tests/test_io_util.py::test_dataloader_mesh_sharding_keeps_batches_host_local_in_worker
tests/test_io_util.py::test_prefetch_sharding_uses_host_local_array_to_global_array
tests/test_io_util.py::test_prefetch_sharding_serves_ready_batches
tests/test_io_util.py::test_prefetch_sharding_recycles_ready_batches_when_worker_lags
tests/test_io_util.py::test_dataloader_mesh_sharding_overlaps_expensive_host_transform
tests/test_io_util.py::test_dataloader_named_sharding_2gpu_grid_stays_nonblocking_with_expensive_host_transform
tests/test_io_util.py::test_simulation_dataset_producer_failure_raises_with_cause
tests/test_io_util.py::test_simulation_dataset_recovers_after_reset
tests/test_io_util.py::test_dataloader_host_transform_failure_raises_promptly
tests/test_io_util.py::test_dataloader_loop_false_exhaustion_yields_exact_epoch
tests/test_io_util.py::test_async_prefetch_iterator_surfaces_worker_error
tests/test_kernel_mv.py::test_rbf_kernel_mv_matches_naive_forward[1-13-17-7-5]
tests/test_kernel_mv.py::test_rbf_kernel_mv_matches_naive_forward[2-32-24-16-8]
tests/test_kernel_mv.py::test_rbf_kernel_mv_matches_naive_forward[2-9-11-3-4]
tests/test_kernel_mv.py::test_rbf_kernel_mv_reverse_grads_match_naive
tests/test_kernel_mv.py::test_generic_kernel_mv_with_vector_params_matches_naive_and_grads
tests/test_kernel_mv.py::test_rbf_kde_density_matches_naive_density
tests/test_kernel_mv.py::test_generic_kde_density_log_output_finite
tests/test_kernel_mv.py::test_mamba_scan_requires_supported_backend_config
tests/test_kernel_mv.py::test_mamba_scan_matches_hand_rolled_recurrence
tests/test_kernel_mv.py::test_mamba_cell_uses_official_init_and_parameterization
tests/test_kernel_mv.py::test_mamba_cell_forward_and_grad_run_on_cpu
tests/test_kernel_mv.py::test_ssd_requires_supported_backend_config
tests/test_kernel_mv.py::test_mamba_scan_gpu_supported_config_uses_pallas_scan
tests/test_kernel_mv.py::test_mamba_scan_gpu_unsupported_config_raises_without_reference_fallback
tests/test_kernel_mv.py::test_mamba_scan_gpu_kernel_failure_raises_without_reference_fallback
tests/test_kernel_mv.py::test_ssd_gpu_supported_config_uses_pallas_kernel
tests/test_kernel_mv.py::test_ssd_gpu_unsupported_config_raises_without_linear_scan_fallback
tests/test_kernel_mv.py::test_ssd_gpu_kernel_failure_raises_without_linear_scan_fallback
tests/test_kernel_primitive.py::test_sharding_rule_matches_handwritten_ssd_fwd
tests/test_kernel_primitive.py::test_derived_bwd_rule_matches_handwritten_ssd_bwd
tests/test_kernel_primitive.py::test_optional_operands_and_anonymous_dims
tests/test_kernel_primitive.py::test_real_ssd_and_mamba_specs_match_golden_rules
tests/test_kernel_primitive.py::test_toy_eager_and_jit
tests/test_kernel_primitive.py::test_toy_abstract_eval_shapes
tests/test_kernel_primitive.py::test_toy_vmap
tests/test_kernel_primitive.py::test_toy_spike_partition_under_mesh
tests/test_kernel_primitive.py::test_toy_validator_rejects_feat_sharding
tests/test_kernel_primitive.py::test_bind_kernel_missing_required_raises
tests/test_learnable_attention_bias.py::test_low_rank_bias_matches_explicit_factor_product
tests/test_learnable_attention_bias.py::test_flex_low_rank_bias_matches_dense_output_and_gradients
tests/test_learnable_attention_bias.py::test_flex_extracts_low_rank_terms_from_sum_bias
tests/test_learnable_attention_bias.py::test_low_rank_factors_can_be_generated_by_an_nnx_mlp
tests/test_learnable_attention_bias.py::test_learned_alibi_matches_causal_linear_distance
tests/test_learnable_attention_bias.py::test_learned_alibi_receives_gradients_through_flex_attention
tests/test_learnable_attention_bias.py::test_t5_table_receives_gradients_through_dense_attention
tests/test_loss_fn.py::test_loss_fn[build_denoising_loss-kwargs0]
tests/test_loss_fn.py::test_loss_fn[build_denoising_score_matching_loss-kwargs1]
tests/test_loss_fn.py::test_loss_fn[build_score_matching_loss-kwargs2]
tests/test_loss_fn.py::test_loss_fn[build_sliced_score_matching_loss-kwargs3]
tests/test_loss_fn.py::test_loss_fn[build_target_score_matching_loss-kwargs4]
tests/test_loss_fn.py::test_denoising_loss_noise_mask_only_noises_masked_positions
tests/test_loss_fn.py::test_time_dependent_denoising_loss_noise_mask_broadcast
tests/test_loss_fn.py::test_time_dependent_denoising_loss_noise_mask_shape_validation
tests/test_loss_fn.py::test_time_dependent_denoising_loss_uses_loss_mask_for_noising
tests/test_loss_fn.py::test_flow_matching_schedule_zero_loss
tests/test_loss_fn.py::test_flow_matching_schedule_noise_zero_loss
tests/test_loss_fn.py::test_flow_matcher_model_loss
tests/test_loss_fn.py::test_flow_matching_autodiff_schedule
tests/test_loss_fn.py::test_multinomial_diffusion_loss_builder
tests/test_loss_fn.py::test_multinomial_diffusion_loss_builder_rao_blackwellized
tests/test_loss_fn.py::test_multinomial_diffusion_loss_builder_rao_blackwellized_matches_exact_expectation
tests/test_loss_fn.py::test_multinomial_diffusion_loss_builder_rao_blackwellized_vector_coupled_matches_exact
tests/test_loss_fn.py::test_multinomial_diffusion_loss_builder_rao_blackwellized_vector_subset_matches_exact_in_expectation
tests/test_moe.py::test_output_shape
tests/test_moe.py::test_top_k_1
tests/test_moe.py::test_routing_weights_sum_to_one
tests/test_moe.py::test_finite_gradients
tests/test_moe.py::test_jit
tests/test_moe.py::test_deterministic
tests/test_moe.py::test_dense_against_manual
tests/test_moe.py::test_sparse_matches_dense_without_dropping
tests/test_moe.py::test_aux_statistics
tests/test_moe.py::test_expert_contract
tests/test_moe.py::test_dispatcher_roundtrip_single_expert
tests/test_moe.py::test_load_balance_loss_uniform
tests/test_multinomial_diffusion.py::test_multinomial_schedule_closed_form_q
tests/test_multinomial_diffusion.py::test_multinomial_schedule_continuous_time_q
tests/test_multinomial_diffusion.py::test_multinomial_time_bounds_and_float_only
tests/test_multinomial_diffusion.py::test_multinomial_posterior_mixture_normalized
tests/test_multinomial_diffusion.py::test_multinomial_diffusion_loss_and_sampling
tests/test_multinomial_diffusion.py::test_uniform_time_sampler_stratification_bins
tests/test_multinomial_diffusion.py::test_multinomial_reparameterized_score_is_finite
tests/test_multinomial_diffusion.py::test_categorical_edm_preconditioning_well_behaved
tests/test_neural_imh.py::test_neural_imh_runs_in_compiled_mcmc
tests/test_neural_imh.py::test_neural_imh_warmup_fits_chain_positions_without_data
tests/test_neural_imh.py::test_neural_imh_warmup_augments_chain_with_data
tests/test_neural_imh.py::test_neural_imh_warmup_resumes_from_kernel_params
tests/test_neural_imh.py::test_neural_imh_replay_buffer_keeps_recent_positions
tests/test_neural_imh.py::test_neural_imh_rao_blackwellizes_accept_reject_outcomes
tests/test_neural_imh.py::test_neural_imh_rejects_sample_only_model
tests/test_nflow_configs.py::test_satisfies_protocol[shift]
tests/test_nflow_configs.py::test_satisfies_protocol[affine]
tests/test_nflow_configs.py::test_satisfies_protocol[affine-exp]
tests/test_nflow_configs.py::test_satisfies_protocol[rq-spline]
tests/test_nflow_configs.py::test_satisfies_protocol[rq-spline-asymmetric]
tests/test_nflow_configs.py::test_satisfies_protocol[rl-spline]
tests/test_nflow_configs.py::test_satisfies_protocol[hermite-spline]
tests/test_nflow_configs.py::test_satisfies_protocol[affine-spline]
tests/test_nflow_configs.py::test_satisfies_protocol[deep-sigmoid]
tests/test_nflow_configs.py::test_satisfies_protocol[umnn]
tests/test_nflow_configs.py::test_satisfies_protocol[sos]
tests/test_nflow_configs.py::test_satisfies_protocol[bernstein]
tests/test_nflow_configs.py::test_satisfies_protocol[mixture-cdf]
tests/test_nflow_configs.py::test_unpack_consumes_exactly_params_dim[shift]
tests/test_nflow_configs.py::test_unpack_consumes_exactly_params_dim[affine]
tests/test_nflow_configs.py::test_unpack_consumes_exactly_params_dim[affine-exp]
tests/test_nflow_configs.py::test_unpack_consumes_exactly_params_dim[rq-spline]
tests/test_nflow_configs.py::test_unpack_consumes_exactly_params_dim[rq-spline-asymmetric]
tests/test_nflow_configs.py::test_unpack_consumes_exactly_params_dim[rl-spline]
tests/test_nflow_configs.py::test_unpack_consumes_exactly_params_dim[hermite-spline]
tests/test_nflow_configs.py::test_unpack_consumes_exactly_params_dim[affine-spline]
tests/test_nflow_configs.py::test_unpack_consumes_exactly_params_dim[deep-sigmoid]
tests/test_nflow_configs.py::test_unpack_consumes_exactly_params_dim[umnn]
tests/test_nflow_configs.py::test_unpack_consumes_exactly_params_dim[sos]
tests/test_nflow_configs.py::test_unpack_consumes_exactly_params_dim[bernstein]
tests/test_nflow_configs.py::test_unpack_consumes_exactly_params_dim[mixture-cdf]
tests/test_nflow_configs.py::test_identity_at_zero_params[shift]
tests/test_nflow_configs.py::test_identity_at_zero_params[affine]
tests/test_nflow_configs.py::test_identity_at_zero_params[affine-exp]
tests/test_nflow_configs.py::test_identity_at_zero_params[rq-spline]
tests/test_nflow_configs.py::test_identity_at_zero_params[rq-spline-asymmetric]
tests/test_nflow_configs.py::test_identity_at_zero_params[rl-spline]
tests/test_nflow_configs.py::test_identity_at_zero_params[hermite-spline]
tests/test_nflow_configs.py::test_identity_at_zero_params[affine-spline]
tests/test_nflow_configs.py::test_identity_at_zero_params[deep-sigmoid]
tests/test_nflow_configs.py::test_identity_at_zero_params[umnn]
tests/test_nflow_configs.py::test_identity_at_zero_params[sos]
tests/test_nflow_configs.py::test_identity_at_zero_params[bernstein]
tests/test_nflow_configs.py::test_identity_at_zero_params[mixture-cdf]
tests/test_nflow_configs.py::test_near_identity_at_zero_params[shift]
tests/test_nflow_configs.py::test_near_identity_at_zero_params[affine]
tests/test_nflow_configs.py::test_near_identity_at_zero_params[affine-exp]
tests/test_nflow_configs.py::test_near_identity_at_zero_params[rq-spline]
tests/test_nflow_configs.py::test_near_identity_at_zero_params[rq-spline-asymmetric]
tests/test_nflow_configs.py::test_near_identity_at_zero_params[rl-spline]
tests/test_nflow_configs.py::test_near_identity_at_zero_params[hermite-spline]
tests/test_nflow_configs.py::test_near_identity_at_zero_params[affine-spline]
tests/test_nflow_configs.py::test_near_identity_at_zero_params[deep-sigmoid]
tests/test_nflow_configs.py::test_near_identity_at_zero_params[umnn]
tests/test_nflow_configs.py::test_near_identity_at_zero_params[sos]
tests/test_nflow_configs.py::test_near_identity_at_zero_params[bernstein]
tests/test_nflow_configs.py::test_near_identity_at_zero_params[mixture-cdf]
tests/test_nflow_configs.py::test_roundtrip_and_logdet[shift]
tests/test_nflow_configs.py::test_roundtrip_and_logdet[affine]
tests/test_nflow_configs.py::test_roundtrip_and_logdet[affine-exp]
tests/test_nflow_configs.py::test_roundtrip_and_logdet[rq-spline]
tests/test_nflow_configs.py::test_roundtrip_and_logdet[rq-spline-asymmetric]
tests/test_nflow_configs.py::test_roundtrip_and_logdet[rl-spline]
tests/test_nflow_configs.py::test_roundtrip_and_logdet[hermite-spline]
tests/test_nflow_configs.py::test_roundtrip_and_logdet[affine-spline]
tests/test_nflow_configs.py::test_roundtrip_and_logdet[deep-sigmoid]
tests/test_nflow_configs.py::test_roundtrip_and_logdet[umnn]
tests/test_nflow_configs.py::test_roundtrip_and_logdet[sos]
tests/test_nflow_configs.py::test_roundtrip_and_logdet[bernstein]
tests/test_nflow_configs.py::test_roundtrip_and_logdet[mixture-cdf]
tests/test_nflow_configs.py::test_is_strictly_increasing[shift]
tests/test_nflow_configs.py::test_is_strictly_increasing[affine]
tests/test_nflow_configs.py::test_is_strictly_increasing[affine-exp]
tests/test_nflow_configs.py::test_is_strictly_increasing[rq-spline]
tests/test_nflow_configs.py::test_is_strictly_increasing[rq-spline-asymmetric]
tests/test_nflow_configs.py::test_is_strictly_increasing[rl-spline]
tests/test_nflow_configs.py::test_is_strictly_increasing[hermite-spline]
tests/test_nflow_configs.py::test_is_strictly_increasing[affine-spline]
tests/test_nflow_configs.py::test_is_strictly_increasing[deep-sigmoid]
tests/test_nflow_configs.py::test_is_strictly_increasing[umnn]
tests/test_nflow_configs.py::test_is_strictly_increasing[sos]
tests/test_nflow_configs.py::test_is_strictly_increasing[bernstein]
tests/test_nflow_configs.py::test_is_strictly_increasing[mixture-cdf]
tests/test_nflow_configs.py::test_batching_matches_elementwise[shift]
tests/test_nflow_configs.py::test_batching_matches_elementwise[affine]
tests/test_nflow_configs.py::test_batching_matches_elementwise[affine-exp]
tests/test_nflow_configs.py::test_batching_matches_elementwise[rq-spline]
tests/test_nflow_configs.py::test_batching_matches_elementwise[rq-spline-asymmetric]
tests/test_nflow_configs.py::test_batching_matches_elementwise[rl-spline]
tests/test_nflow_configs.py::test_batching_matches_elementwise[hermite-spline]
tests/test_nflow_configs.py::test_batching_matches_elementwise[affine-spline]
tests/test_nflow_configs.py::test_batching_matches_elementwise[deep-sigmoid]
tests/test_nflow_configs.py::test_batching_matches_elementwise[umnn]
tests/test_nflow_configs.py::test_batching_matches_elementwise[sos]
tests/test_nflow_configs.py::test_batching_matches_elementwise[bernstein]
tests/test_nflow_configs.py::test_batching_matches_elementwise[mixture-cdf]
tests/test_nflow_configs.py::test_spline_knot_positions[1-RationalQuadraticSplineConfig]
tests/test_nflow_configs.py::test_spline_knot_positions[1-RationalLinearSplineConfig]
tests/test_nflow_configs.py::test_spline_knot_positions[1-MonotoneHermiteCubicSplineConfig]
tests/test_nflow_configs.py::test_spline_knot_positions[1-PiecewiseAffineSplineConfig]
tests/test_nflow_configs.py::test_spline_knot_positions[4-RationalQuadraticSplineConfig]
tests/test_nflow_configs.py::test_spline_knot_positions[4-RationalLinearSplineConfig]
tests/test_nflow_configs.py::test_spline_knot_positions[4-MonotoneHermiteCubicSplineConfig]
tests/test_nflow_configs.py::test_spline_knot_positions[4-PiecewiseAffineSplineConfig]
tests/test_nflow_configs.py::test_spline_knot_positions[10-RationalQuadraticSplineConfig]
tests/test_nflow_configs.py::test_spline_knot_positions[10-RationalLinearSplineConfig]
tests/test_nflow_configs.py::test_spline_knot_positions[10-MonotoneHermiteCubicSplineConfig]
tests/test_nflow_configs.py::test_spline_knot_positions[10-PiecewiseAffineSplineConfig]
tests/test_nflow_configs.py::test_spline_knot_slopes[1-RationalQuadraticSplineConfig]
tests/test_nflow_configs.py::test_spline_knot_slopes[1-RationalLinearSplineConfig]
tests/test_nflow_configs.py::test_spline_knot_slopes[1-MonotoneHermiteCubicSplineConfig]
tests/test_nflow_configs.py::test_spline_knot_slopes[4-RationalQuadraticSplineConfig]
tests/test_nflow_configs.py::test_spline_knot_slopes[4-RationalLinearSplineConfig]
tests/test_nflow_configs.py::test_spline_knot_slopes[4-MonotoneHermiteCubicSplineConfig]
tests/test_nflow_configs.py::test_spline_knot_slopes[10-RationalQuadraticSplineConfig]
tests/test_nflow_configs.py::test_spline_knot_slopes[10-RationalLinearSplineConfig]
tests/test_nflow_configs.py::test_spline_knot_slopes[10-MonotoneHermiteCubicSplineConfig]
tests/test_nflow_configs.py::test_spline_params_dim[RationalQuadraticSplineConfig]
tests/test_nflow_configs.py::test_spline_params_dim[RationalLinearSplineConfig]
tests/test_nflow_configs.py::test_spline_params_dim[MonotoneHermiteCubicSplineConfig]
tests/test_nflow_configs.py::test_spline_params_dim[PiecewiseAffineSplineConfig]
tests/test_nflow_configs.py::test_spline_rejects_degenerate_bins
tests/test_nflow_configs.py::test_log_weights_are_on_the_log_simplex[cfg0]
tests/test_nflow_configs.py::test_log_weights_are_on_the_log_simplex[cfg1]
tests/test_nflow_configs.py::test_deep_sigmoid_slopes_positive
tests/test_nflow_configs.py::test_mixture_cdf_scales_positive
tests/test_nflow_configs.py::test_bernstein_theta_is_a_normalised_increasing_sequence
tests/test_nflow_configs.py::test_sos_coefficients_shape_and_unit_slope_at_zero
tests/test_nflow_configs.py::test_mixture_cdf_free_init_spreads_locations
tests/test_nflow_configs.py::test_default_params_init_is_identity[shift]
tests/test_nflow_configs.py::test_default_params_init_is_identity[affine]
tests/test_nflow_configs.py::test_default_params_init_is_identity[affine-exp]
tests/test_nflow_configs.py::test_default_params_init_is_identity[rq-spline]
tests/test_nflow_configs.py::test_default_params_init_is_identity[rq-spline-asymmetric]
tests/test_nflow_configs.py::test_default_params_init_is_identity[rl-spline]
tests/test_nflow_configs.py::test_default_params_init_is_identity[hermite-spline]
tests/test_nflow_configs.py::test_default_params_init_is_identity[affine-spline]
tests/test_nflow_configs.py::test_default_params_init_is_identity[deep-sigmoid]
tests/test_nflow_configs.py::test_default_params_init_is_identity[umnn]
tests/test_nflow_configs.py::test_default_params_init_is_identity[sos]
tests/test_nflow_configs.py::test_default_params_init_is_identity[bernstein]
tests/test_nflow_configs.py::test_default_params_init_is_identity[mixture-cdf]
tests/test_nflow_configs.py::test_conditioner_satisfies_protocol[cond0]
tests/test_nflow_configs.py::test_conditioner_satisfies_protocol[cond1]
tests/test_nflow_configs.py::test_conditioner_satisfies_protocol[cond2]
tests/test_nflow_configs.py::test_coupling_conditioner_width_matches_params_dim[4]
tests/test_nflow_configs.py::test_coupling_conditioner_width_matches_params_dim[10]
tests/test_nflow_configs.py::test_autoregressive_conditioner_width_matches_params_dim[4]
tests/test_nflow_configs.py::test_autoregressive_conditioner_width_matches_params_dim[10]
tests/test_nflow_configs.py::test_ssm_conditioner_builds_autoregressive_transform
tests/test_nflow_configs.py::test_mixing_configs[mixing0]
tests/test_nflow_configs.py::test_mixing_configs[mixing1]
tests/test_nflow_configs.py::test_mixing_configs[mixing2]
tests/test_nflow_configs.py::test_mixing_configs[mixing3]
tests/test_nflow_configs.py::test_mixing_configs[mixing4]
tests/test_nflow_configs.py::test_mixing_configs[mixing5]
tests/test_nflow_configs.py::test_permute_reverse_is_a_flip
tests/test_nflow_configs.py::test_permute_random_is_seeded_by_rngs
tests/test_nflow_configs.py::test_coupling_split_index_defaults_and_validates
tests/test_nflow_configs.py::test_flow_config_validates_shape
tests/test_nflow_configs.py::test_nflow_rejects_wrong_config_types
tests/test_nflow_configs.py::test_nflow_builds_and_round_trips[CouplingNFlowConfig]
tests/test_nflow_configs.py::test_nflow_builds_and_round_trips[AutoregressiveNFlowConfig]
tests/test_nflow_configs.py::test_nflow_builds_and_round_trips[ElementwiseNFlowConfig]
tests/test_nflow_configs.py::test_ssm_autoregressive_flow_samples_and_evaluates_logpdf
tests/test_nflow_configs.py::test_mixing_is_interleaved_not_appended
tests/test_nflow_configs.py::test_no_mixing_config_omits_layers
tests/test_nflow_configs.py::test_flow_starts_at_the_identity
tests/test_nflow_configs.py::test_flow_config_overrides_reach_the_bijection
tests/test_nflow_density_estimation.py::test_trains_without_diverging[checkerboard-nice]
tests/test_nflow_density_estimation.py::test_trains_without_diverging[checkerboard-realnvp]
tests/test_nflow_density_estimation.py::test_trains_without_diverging[checkerboard-nsf_coupling]
tests/test_nflow_density_estimation.py::test_trains_without_diverging[checkerboard-maf]
tests/test_nflow_density_estimation.py::test_trains_without_diverging[checkerboard-nsf]
tests/test_nflow_density_estimation.py::test_trains_without_diverging[checkerboard-naf]
tests/test_nflow_density_estimation.py::test_trains_without_diverging[checkerboard-unaf]
tests/test_nflow_density_estimation.py::test_trains_without_diverging[checkerboard-sospf]
tests/test_nflow_density_estimation.py::test_trains_without_diverging[checkerboard-bpf]
tests/test_nflow_density_estimation.py::test_trains_without_diverging[checkerboard-gf]
tests/test_nflow_density_estimation.py::test_trains_without_diverging[spiral-nice]
tests/test_nflow_density_estimation.py::test_trains_without_diverging[spiral-realnvp]
tests/test_nflow_density_estimation.py::test_trains_without_diverging[spiral-nsf_coupling]
tests/test_nflow_density_estimation.py::test_trains_without_diverging[spiral-maf]
tests/test_nflow_density_estimation.py::test_trains_without_diverging[spiral-nsf]
tests/test_nflow_density_estimation.py::test_trains_without_diverging[spiral-naf]
tests/test_nflow_density_estimation.py::test_trains_without_diverging[spiral-unaf]
tests/test_nflow_density_estimation.py::test_trains_without_diverging[spiral-sospf]
tests/test_nflow_density_estimation.py::test_trains_without_diverging[spiral-bpf]
tests/test_nflow_density_estimation.py::test_trains_without_diverging[spiral-gf]
tests/test_nflow_density_estimation.py::test_trains_without_diverging[crescent-nice]
tests/test_nflow_density_estimation.py::test_trains_without_diverging[crescent-realnvp]
tests/test_nflow_density_estimation.py::test_trains_without_diverging[crescent-nsf_coupling]
tests/test_nflow_density_estimation.py::test_trains_without_diverging[crescent-maf]
tests/test_nflow_density_estimation.py::test_trains_without_diverging[crescent-nsf]
tests/test_nflow_density_estimation.py::test_trains_without_diverging[crescent-naf]
tests/test_nflow_density_estimation.py::test_trains_without_diverging[crescent-unaf]
tests/test_nflow_density_estimation.py::test_trains_without_diverging[crescent-sospf]
tests/test_nflow_density_estimation.py::test_trains_without_diverging[crescent-bpf]
tests/test_nflow_density_estimation.py::test_trains_without_diverging[crescent-gf]
tests/test_nflow_density_estimation.py::test_reaches_reasonable_likelihood[checkerboard-nice]
tests/test_nflow_density_estimation.py::test_reaches_reasonable_likelihood[checkerboard-realnvp]
tests/test_nflow_density_estimation.py::test_reaches_reasonable_likelihood[checkerboard-nsf_coupling]
tests/test_nflow_density_estimation.py::test_reaches_reasonable_likelihood[checkerboard-maf]
tests/test_nflow_density_estimation.py::test_reaches_reasonable_likelihood[checkerboard-nsf]
tests/test_nflow_density_estimation.py::test_reaches_reasonable_likelihood[checkerboard-naf]
tests/test_nflow_density_estimation.py::test_reaches_reasonable_likelihood[checkerboard-unaf]
tests/test_nflow_density_estimation.py::test_reaches_reasonable_likelihood[checkerboard-sospf]
tests/test_nflow_density_estimation.py::test_reaches_reasonable_likelihood[checkerboard-bpf]
tests/test_nflow_density_estimation.py::test_reaches_reasonable_likelihood[checkerboard-gf]
tests/test_nflow_density_estimation.py::test_reaches_reasonable_likelihood[spiral-nice]
tests/test_nflow_density_estimation.py::test_reaches_reasonable_likelihood[spiral-realnvp]
tests/test_nflow_density_estimation.py::test_reaches_reasonable_likelihood[spiral-nsf_coupling]
tests/test_nflow_density_estimation.py::test_reaches_reasonable_likelihood[spiral-maf]
tests/test_nflow_density_estimation.py::test_reaches_reasonable_likelihood[spiral-nsf]
tests/test_nflow_density_estimation.py::test_reaches_reasonable_likelihood[spiral-naf]
tests/test_nflow_density_estimation.py::test_reaches_reasonable_likelihood[spiral-unaf]
tests/test_nflow_density_estimation.py::test_reaches_reasonable_likelihood[spiral-sospf]
tests/test_nflow_density_estimation.py::test_reaches_reasonable_likelihood[spiral-bpf]
tests/test_nflow_density_estimation.py::test_reaches_reasonable_likelihood[spiral-gf]
tests/test_nflow_density_estimation.py::test_reaches_reasonable_likelihood[crescent-nice]
tests/test_nflow_density_estimation.py::test_reaches_reasonable_likelihood[crescent-realnvp]
tests/test_nflow_density_estimation.py::test_reaches_reasonable_likelihood[crescent-nsf_coupling]
tests/test_nflow_density_estimation.py::test_reaches_reasonable_likelihood[crescent-maf]
tests/test_nflow_density_estimation.py::test_reaches_reasonable_likelihood[crescent-nsf]
tests/test_nflow_density_estimation.py::test_reaches_reasonable_likelihood[crescent-naf]
tests/test_nflow_density_estimation.py::test_reaches_reasonable_likelihood[crescent-unaf]
tests/test_nflow_density_estimation.py::test_reaches_reasonable_likelihood[crescent-sospf]
tests/test_nflow_density_estimation.py::test_reaches_reasonable_likelihood[crescent-bpf]
tests/test_nflow_density_estimation.py::test_reaches_reasonable_likelihood[crescent-gf]
tests/test_nflow_density_estimation.py::test_trained_density_is_normalised[checkerboard-nice]
tests/test_nflow_density_estimation.py::test_trained_density_is_normalised[checkerboard-realnvp]
tests/test_nflow_density_estimation.py::test_trained_density_is_normalised[checkerboard-nsf_coupling]
tests/test_nflow_density_estimation.py::test_trained_density_is_normalised[checkerboard-maf]
tests/test_nflow_density_estimation.py::test_trained_density_is_normalised[checkerboard-nsf]
tests/test_nflow_density_estimation.py::test_trained_density_is_normalised[checkerboard-naf]
tests/test_nflow_density_estimation.py::test_trained_density_is_normalised[checkerboard-unaf]
tests/test_nflow_density_estimation.py::test_trained_density_is_normalised[checkerboard-sospf]
tests/test_nflow_density_estimation.py::test_trained_density_is_normalised[checkerboard-bpf]
tests/test_nflow_density_estimation.py::test_trained_density_is_normalised[checkerboard-gf]
tests/test_nflow_density_estimation.py::test_trained_density_is_normalised[spiral-nice]
tests/test_nflow_density_estimation.py::test_trained_density_is_normalised[spiral-realnvp]
tests/test_nflow_density_estimation.py::test_trained_density_is_normalised[spiral-nsf_coupling]
tests/test_nflow_density_estimation.py::test_trained_density_is_normalised[spiral-maf]
tests/test_nflow_density_estimation.py::test_trained_density_is_normalised[spiral-nsf]
tests/test_nflow_density_estimation.py::test_trained_density_is_normalised[spiral-naf]
tests/test_nflow_density_estimation.py::test_trained_density_is_normalised[spiral-unaf]
tests/test_nflow_density_estimation.py::test_trained_density_is_normalised[spiral-sospf]
tests/test_nflow_density_estimation.py::test_trained_density_is_normalised[spiral-bpf]
tests/test_nflow_density_estimation.py::test_trained_density_is_normalised[spiral-gf]
tests/test_nflow_density_estimation.py::test_trained_density_is_normalised[crescent-nice]
tests/test_nflow_density_estimation.py::test_trained_density_is_normalised[crescent-realnvp]
tests/test_nflow_density_estimation.py::test_trained_density_is_normalised[crescent-nsf_coupling]
tests/test_nflow_density_estimation.py::test_trained_density_is_normalised[crescent-maf]
tests/test_nflow_density_estimation.py::test_trained_density_is_normalised[crescent-nsf]
tests/test_nflow_density_estimation.py::test_trained_density_is_normalised[crescent-naf]
tests/test_nflow_density_estimation.py::test_trained_density_is_normalised[crescent-unaf]
tests/test_nflow_density_estimation.py::test_trained_density_is_normalised[crescent-sospf]
tests/test_nflow_density_estimation.py::test_trained_density_is_normalised[crescent-bpf]
tests/test_nflow_density_estimation.py::test_trained_density_is_normalised[crescent-gf]
tests/test_nflow_density_estimation.py::test_samples_are_finite_and_on_support[nice]
tests/test_nflow_density_estimation.py::test_samples_are_finite_and_on_support[realnvp]
tests/test_nflow_density_estimation.py::test_samples_are_finite_and_on_support[nsf_coupling]
tests/test_nflow_density_estimation.py::test_samples_are_finite_and_on_support[maf]
tests/test_nflow_density_estimation.py::test_samples_are_finite_and_on_support[nsf]
tests/test_nflow_density_estimation.py::test_samples_are_finite_and_on_support[naf]
tests/test_nflow_density_estimation.py::test_samples_are_finite_and_on_support[unaf]
tests/test_nflow_density_estimation.py::test_samples_are_finite_and_on_support[sospf]
tests/test_nflow_density_estimation.py::test_samples_are_finite_and_on_support[bpf]
tests/test_nflow_density_estimation.py::test_samples_are_finite_and_on_support[gf]
tests/test_nflow_stability.py::test_finite_and_monotone_far_from_data[0.5-shift]
tests/test_nflow_stability.py::test_finite_and_monotone_far_from_data[0.5-affine]
tests/test_nflow_stability.py::test_finite_and_monotone_far_from_data[0.5-rq-spline]
tests/test_nflow_stability.py::test_finite_and_monotone_far_from_data[0.5-rl-spline]
tests/test_nflow_stability.py::test_finite_and_monotone_far_from_data[0.5-hermite-spline]
tests/test_nflow_stability.py::test_finite_and_monotone_far_from_data[0.5-affine-spline]
tests/test_nflow_stability.py::test_finite_and_monotone_far_from_data[0.5-deep-sigmoid]
tests/test_nflow_stability.py::test_finite_and_monotone_far_from_data[0.5-umnn]
tests/test_nflow_stability.py::test_finite_and_monotone_far_from_data[0.5-sos]
tests/test_nflow_stability.py::test_finite_and_monotone_far_from_data[0.5-bernstein]
tests/test_nflow_stability.py::test_finite_and_monotone_far_from_data[0.5-mixture-cdf]
tests/test_nflow_stability.py::test_finite_and_monotone_far_from_data[3.0-shift]
tests/test_nflow_stability.py::test_finite_and_monotone_far_from_data[3.0-affine]
tests/test_nflow_stability.py::test_finite_and_monotone_far_from_data[3.0-rq-spline]
tests/test_nflow_stability.py::test_finite_and_monotone_far_from_data[3.0-rl-spline]
tests/test_nflow_stability.py::test_finite_and_monotone_far_from_data[3.0-hermite-spline]
tests/test_nflow_stability.py::test_finite_and_monotone_far_from_data[3.0-affine-spline]
tests/test_nflow_stability.py::test_finite_and_monotone_far_from_data[3.0-deep-sigmoid]
tests/test_nflow_stability.py::test_finite_and_monotone_far_from_data[3.0-umnn]
tests/test_nflow_stability.py::test_finite_and_monotone_far_from_data[3.0-sos]
tests/test_nflow_stability.py::test_finite_and_monotone_far_from_data[3.0-bernstein]
tests/test_nflow_stability.py::test_finite_and_monotone_far_from_data[3.0-mixture-cdf]
tests/test_nflow_stability.py::test_logdet_stays_finite_far_from_data[0.5-shift]
tests/test_nflow_stability.py::test_logdet_stays_finite_far_from_data[0.5-affine]
tests/test_nflow_stability.py::test_logdet_stays_finite_far_from_data[0.5-rq-spline]
tests/test_nflow_stability.py::test_logdet_stays_finite_far_from_data[0.5-rl-spline]
tests/test_nflow_stability.py::test_logdet_stays_finite_far_from_data[0.5-hermite-spline]
tests/test_nflow_stability.py::test_logdet_stays_finite_far_from_data[0.5-affine-spline]
tests/test_nflow_stability.py::test_logdet_stays_finite_far_from_data[0.5-deep-sigmoid]
tests/test_nflow_stability.py::test_logdet_stays_finite_far_from_data[0.5-umnn]
tests/test_nflow_stability.py::test_logdet_stays_finite_far_from_data[0.5-sos]
tests/test_nflow_stability.py::test_logdet_stays_finite_far_from_data[0.5-bernstein]
tests/test_nflow_stability.py::test_logdet_stays_finite_far_from_data[0.5-mixture-cdf]
tests/test_nflow_stability.py::test_logdet_stays_finite_far_from_data[3.0-shift]
tests/test_nflow_stability.py::test_logdet_stays_finite_far_from_data[3.0-affine]
tests/test_nflow_stability.py::test_logdet_stays_finite_far_from_data[3.0-rq-spline]
tests/test_nflow_stability.py::test_logdet_stays_finite_far_from_data[3.0-rl-spline]
tests/test_nflow_stability.py::test_logdet_stays_finite_far_from_data[3.0-hermite-spline]
tests/test_nflow_stability.py::test_logdet_stays_finite_far_from_data[3.0-affine-spline]
tests/test_nflow_stability.py::test_logdet_stays_finite_far_from_data[3.0-deep-sigmoid]
tests/test_nflow_stability.py::test_logdet_stays_finite_far_from_data[3.0-umnn]
tests/test_nflow_stability.py::test_logdet_stays_finite_far_from_data[3.0-sos]
tests/test_nflow_stability.py::test_logdet_stays_finite_far_from_data[3.0-bernstein]
tests/test_nflow_stability.py::test_logdet_stays_finite_far_from_data[3.0-mixture-cdf]
tests/test_nflow_stability.py::test_positive_parameters_are_bounded_both_ways[cfg0]
tests/test_nflow_stability.py::test_positive_parameters_are_bounded_both_ways[cfg1]
tests/test_nflow_stability.py::test_positive_parameters_are_bounded_both_ways[cfg2]
tests/test_nflow_stability.py::test_sos_is_linear_beyond_its_bound
tests/test_nflow_stability.py::test_sos_identity_at_zero_params_includes_the_tails
tests/test_nflow_stability.py::test_solver_finds_the_root_when_one_exists
tests/test_nflow_stability.py::test_solver_returns_nan_when_the_target_is_unreachable
tests/test_nflow_stability.py::test_solver_returns_nan_when_g_is_non_finite
tests/test_nflow_stability.py::test_safe_quadratic_root_handles_the_degenerate_case
tests/test_nflow_stability.py::test_bounded_spline_is_a_bijection_on_its_domain[RationalQuadraticSplineConfig]
tests/test_nflow_stability.py::test_bounded_spline_is_a_bijection_on_its_domain[RationalLinearSplineConfig]
tests/test_nflow_stability.py::test_bounded_spline_is_a_bijection_on_its_domain[MonotoneHermiteCubicSplineConfig]
tests/test_nflow_stability.py::test_bounded_spline_is_a_bijection_on_its_domain[PiecewiseAffineSplineConfig]
tests/test_nflow_stability.py::test_bounded_spline_gives_zero_density_outside_never_nan
tests/test_nflow_stability.py::test_fit_warns_when_the_loss_goes_non_finite
tests/test_nflow_stability.py::test_fit_does_not_warn_on_healthy_training
tests/test_nflow_stability.py::test_fit_clips_gradients_by_default
tests/test_nflow_stability.py::test_fit_schedule_decays_the_learning_rate
tests/test_nflow_stability.py::test_fit_rejects_an_unknown_schedule
tests/test_nn.py::test_mlp[mlp0-batch_shape0]
tests/test_nn.py::test_mlp[mlp0-batch_shape1]
tests/test_nn.py::test_mlp[mlp0-batch_shape2]
tests/test_nn.py::test_mlp[mlp0-batch_shape3]
tests/test_nn.py::test_mlp[mlp0-batch_shape4]
tests/test_nn.py::test_mlp[mlp0-batch_shape5]
tests/test_nn.py::test_mlp[mlp1-batch_shape0]
tests/test_nn.py::test_mlp[mlp1-batch_shape1]
tests/test_nn.py::test_mlp[mlp1-batch_shape2]
tests/test_nn.py::test_mlp[mlp1-batch_shape3]
tests/test_nn.py::test_mlp[mlp1-batch_shape4]
tests/test_nn.py::test_mlp[mlp1-batch_shape5]
tests/test_nn.py::test_mlp[mlp2-batch_shape0]
tests/test_nn.py::test_mlp[mlp2-batch_shape1]
tests/test_nn.py::test_mlp[mlp2-batch_shape2]
tests/test_nn.py::test_mlp[mlp2-batch_shape3]
tests/test_nn.py::test_mlp[mlp2-batch_shape4]
tests/test_nn.py::test_mlp[mlp2-batch_shape5]
tests/test_nn.py::test_mlp[mlp3-batch_shape0]
tests/test_nn.py::test_mlp[mlp3-batch_shape1]
tests/test_nn.py::test_mlp[mlp3-batch_shape2]
tests/test_nn.py::test_mlp[mlp3-batch_shape3]
tests/test_nn.py::test_mlp[mlp3-batch_shape4]
tests/test_nn.py::test_mlp[mlp3-batch_shape5]
tests/test_nn.py::test_resnet[resnet0-batch_shape0]
tests/test_nn.py::test_resnet[resnet0-batch_shape1]
tests/test_nn.py::test_resnet[resnet0-batch_shape2]
tests/test_nn.py::test_resnet[resnet0-batch_shape3]
tests/test_nn.py::test_resnet[resnet0-batch_shape4]
tests/test_nn.py::test_resnet[resnet0-batch_shape5]
tests/test_nn.py::test_resnet[resnet1-batch_shape0]
tests/test_nn.py::test_resnet[resnet1-batch_shape1]
tests/test_nn.py::test_resnet[resnet1-batch_shape2]
tests/test_nn.py::test_resnet[resnet1-batch_shape3]
tests/test_nn.py::test_resnet[resnet1-batch_shape4]
tests/test_nn.py::test_resnet[resnet1-batch_shape5]
tests/test_nn.py::test_resnet[resnet2-batch_shape0]
tests/test_nn.py::test_resnet[resnet2-batch_shape1]
tests/test_nn.py::test_resnet[resnet2-batch_shape2]
tests/test_nn.py::test_resnet[resnet2-batch_shape3]
tests/test_nn.py::test_resnet[resnet2-batch_shape4]
tests/test_nn.py::test_resnet[resnet2-batch_shape5]
tests/test_nn.py::test_resnet[resnet3-batch_shape0]
tests/test_nn.py::test_resnet[resnet3-batch_shape1]
tests/test_nn.py::test_resnet[resnet3-batch_shape2]
tests/test_nn.py::test_resnet[resnet3-batch_shape3]
tests/test_nn.py::test_resnet[resnet3-batch_shape4]
tests/test_nn.py::test_resnet[resnet3-batch_shape5]
tests/test_nn.py::test_deepset[deepset0-1-batch_shape0]
tests/test_nn.py::test_deepset[deepset0-1-batch_shape1]
tests/test_nn.py::test_deepset[deepset0-1-batch_shape2]
tests/test_nn.py::test_deepset[deepset0-1-batch_shape3]
tests/test_nn.py::test_deepset[deepset0-1-batch_shape4]
tests/test_nn.py::test_deepset[deepset0-1-batch_shape5]
tests/test_nn.py::test_deepset[deepset0-2-batch_shape0]
tests/test_nn.py::test_deepset[deepset0-2-batch_shape1]
tests/test_nn.py::test_deepset[deepset0-2-batch_shape2]
tests/test_nn.py::test_deepset[deepset0-2-batch_shape3]
tests/test_nn.py::test_deepset[deepset0-2-batch_shape4]
tests/test_nn.py::test_deepset[deepset0-2-batch_shape5]
tests/test_nn.py::test_deepset[deepset0-10-batch_shape0]
tests/test_nn.py::test_deepset[deepset0-10-batch_shape1]
tests/test_nn.py::test_deepset[deepset0-10-batch_shape2]
tests/test_nn.py::test_deepset[deepset0-10-batch_shape3]
tests/test_nn.py::test_deepset[deepset0-10-batch_shape4]
tests/test_nn.py::test_deepset[deepset0-10-batch_shape5]
tests/test_nn.py::test_deepset[deepset1-1-batch_shape0]
tests/test_nn.py::test_deepset[deepset1-1-batch_shape1]
tests/test_nn.py::test_deepset[deepset1-1-batch_shape2]
tests/test_nn.py::test_deepset[deepset1-1-batch_shape3]
tests/test_nn.py::test_deepset[deepset1-1-batch_shape4]
tests/test_nn.py::test_deepset[deepset1-1-batch_shape5]
tests/test_nn.py::test_deepset[deepset1-2-batch_shape0]
tests/test_nn.py::test_deepset[deepset1-2-batch_shape1]
tests/test_nn.py::test_deepset[deepset1-2-batch_shape2]
tests/test_nn.py::test_deepset[deepset1-2-batch_shape3]
tests/test_nn.py::test_deepset[deepset1-2-batch_shape4]
tests/test_nn.py::test_deepset[deepset1-2-batch_shape5]
tests/test_nn.py::test_deepset[deepset1-10-batch_shape0]
tests/test_nn.py::test_deepset[deepset1-10-batch_shape1]
tests/test_nn.py::test_deepset[deepset1-10-batch_shape2]
tests/test_nn.py::test_deepset[deepset1-10-batch_shape3]
tests/test_nn.py::test_deepset[deepset1-10-batch_shape4]
tests/test_nn.py::test_deepset[deepset1-10-batch_shape5]
tests/test_nn.py::test_deepset[deepset2-1-batch_shape0]
tests/test_nn.py::test_deepset[deepset2-1-batch_shape1]
tests/test_nn.py::test_deepset[deepset2-1-batch_shape2]
tests/test_nn.py::test_deepset[deepset2-1-batch_shape3]
tests/test_nn.py::test_deepset[deepset2-1-batch_shape4]
tests/test_nn.py::test_deepset[deepset2-1-batch_shape5]
tests/test_nn.py::test_deepset[deepset2-2-batch_shape0]
tests/test_nn.py::test_deepset[deepset2-2-batch_shape1]
tests/test_nn.py::test_deepset[deepset2-2-batch_shape2]
tests/test_nn.py::test_deepset[deepset2-2-batch_shape3]
tests/test_nn.py::test_deepset[deepset2-2-batch_shape4]
tests/test_nn.py::test_deepset[deepset2-2-batch_shape5]
tests/test_nn.py::test_deepset[deepset2-10-batch_shape0]
tests/test_nn.py::test_deepset[deepset2-10-batch_shape1]
tests/test_nn.py::test_deepset[deepset2-10-batch_shape2]
tests/test_nn.py::test_deepset[deepset2-10-batch_shape3]
tests/test_nn.py::test_deepset[deepset2-10-batch_shape4]
tests/test_nn.py::test_deepset[deepset2-10-batch_shape5]
tests/test_nn.py::test_deepset[deepset3-1-batch_shape0]
tests/test_nn.py::test_deepset[deepset3-1-batch_shape1]
tests/test_nn.py::test_deepset[deepset3-1-batch_shape2]
tests/test_nn.py::test_deepset[deepset3-1-batch_shape3]
tests/test_nn.py::test_deepset[deepset3-1-batch_shape4]
tests/test_nn.py::test_deepset[deepset3-1-batch_shape5]
tests/test_nn.py::test_deepset[deepset3-2-batch_shape0]
tests/test_nn.py::test_deepset[deepset3-2-batch_shape1]
tests/test_nn.py::test_deepset[deepset3-2-batch_shape2]
tests/test_nn.py::test_deepset[deepset3-2-batch_shape3]
tests/test_nn.py::test_deepset[deepset3-2-batch_shape4]
tests/test_nn.py::test_deepset[deepset3-2-batch_shape5]
tests/test_nn.py::test_deepset[deepset3-10-batch_shape0]
tests/test_nn.py::test_deepset[deepset3-10-batch_shape1]
tests/test_nn.py::test_deepset[deepset3-10-batch_shape2]
tests/test_nn.py::test_deepset[deepset3-10-batch_shape3]
tests/test_nn.py::test_deepset[deepset3-10-batch_shape4]
tests/test_nn.py::test_deepset[deepset3-10-batch_shape5]
tests/test_nn.py::test_attention[multi_head_attention0-1-batch_shape0]
tests/test_nn.py::test_attention[multi_head_attention0-1-batch_shape1]
tests/test_nn.py::test_attention[multi_head_attention0-1-batch_shape2]
tests/test_nn.py::test_attention[multi_head_attention0-1-batch_shape3]
tests/test_nn.py::test_attention[multi_head_attention0-1-batch_shape4]
tests/test_nn.py::test_attention[multi_head_attention0-1-batch_shape5]
tests/test_nn.py::test_attention[multi_head_attention0-2-batch_shape0]
tests/test_nn.py::test_attention[multi_head_attention0-2-batch_shape1]
tests/test_nn.py::test_attention[multi_head_attention0-2-batch_shape2]
tests/test_nn.py::test_attention[multi_head_attention0-2-batch_shape3]
tests/test_nn.py::test_attention[multi_head_attention0-2-batch_shape4]
tests/test_nn.py::test_attention[multi_head_attention0-2-batch_shape5]
tests/test_nn.py::test_attention[multi_head_attention0-10-batch_shape0]
tests/test_nn.py::test_attention[multi_head_attention0-10-batch_shape1]
tests/test_nn.py::test_attention[multi_head_attention0-10-batch_shape2]
tests/test_nn.py::test_attention[multi_head_attention0-10-batch_shape3]
tests/test_nn.py::test_attention[multi_head_attention0-10-batch_shape4]
tests/test_nn.py::test_attention[multi_head_attention0-10-batch_shape5]
tests/test_nn.py::test_attention[multi_head_attention1-1-batch_shape0]
tests/test_nn.py::test_attention[multi_head_attention1-1-batch_shape1]
tests/test_nn.py::test_attention[multi_head_attention1-1-batch_shape2]
tests/test_nn.py::test_attention[multi_head_attention1-1-batch_shape3]
tests/test_nn.py::test_attention[multi_head_attention1-1-batch_shape4]
tests/test_nn.py::test_attention[multi_head_attention1-1-batch_shape5]
tests/test_nn.py::test_attention[multi_head_attention1-2-batch_shape0]
tests/test_nn.py::test_attention[multi_head_attention1-2-batch_shape1]
tests/test_nn.py::test_attention[multi_head_attention1-2-batch_shape2]
tests/test_nn.py::test_attention[multi_head_attention1-2-batch_shape3]
tests/test_nn.py::test_attention[multi_head_attention1-2-batch_shape4]
tests/test_nn.py::test_attention[multi_head_attention1-2-batch_shape5]
tests/test_nn.py::test_attention[multi_head_attention1-10-batch_shape0]
tests/test_nn.py::test_attention[multi_head_attention1-10-batch_shape1]
tests/test_nn.py::test_attention[multi_head_attention1-10-batch_shape2]
tests/test_nn.py::test_attention[multi_head_attention1-10-batch_shape3]
tests/test_nn.py::test_attention[multi_head_attention1-10-batch_shape4]
tests/test_nn.py::test_attention[multi_head_attention1-10-batch_shape5]
tests/test_nn.py::test_attention[multi_head_attention2-1-batch_shape0]
tests/test_nn.py::test_attention[multi_head_attention2-1-batch_shape1]
tests/test_nn.py::test_attention[multi_head_attention2-1-batch_shape2]
tests/test_nn.py::test_attention[multi_head_attention2-1-batch_shape3]
tests/test_nn.py::test_attention[multi_head_attention2-1-batch_shape4]
tests/test_nn.py::test_attention[multi_head_attention2-1-batch_shape5]
tests/test_nn.py::test_attention[multi_head_attention2-2-batch_shape0]
tests/test_nn.py::test_attention[multi_head_attention2-2-batch_shape1]
tests/test_nn.py::test_attention[multi_head_attention2-2-batch_shape2]
tests/test_nn.py::test_attention[multi_head_attention2-2-batch_shape3]
tests/test_nn.py::test_attention[multi_head_attention2-2-batch_shape4]
tests/test_nn.py::test_attention[multi_head_attention2-2-batch_shape5]
tests/test_nn.py::test_attention[multi_head_attention2-10-batch_shape0]
tests/test_nn.py::test_attention[multi_head_attention2-10-batch_shape1]
tests/test_nn.py::test_attention[multi_head_attention2-10-batch_shape2]
tests/test_nn.py::test_attention[multi_head_attention2-10-batch_shape3]
tests/test_nn.py::test_attention[multi_head_attention2-10-batch_shape4]
tests/test_nn.py::test_attention[multi_head_attention2-10-batch_shape5]
tests/test_nn.py::test_attention[multi_head_attention3-1-batch_shape0]
tests/test_nn.py::test_attention[multi_head_attention3-1-batch_shape1]
tests/test_nn.py::test_attention[multi_head_attention3-1-batch_shape2]
tests/test_nn.py::test_attention[multi_head_attention3-1-batch_shape3]
tests/test_nn.py::test_attention[multi_head_attention3-1-batch_shape4]
tests/test_nn.py::test_attention[multi_head_attention3-1-batch_shape5]
tests/test_nn.py::test_attention[multi_head_attention3-2-batch_shape0]
tests/test_nn.py::test_attention[multi_head_attention3-2-batch_shape1]
tests/test_nn.py::test_attention[multi_head_attention3-2-batch_shape2]
tests/test_nn.py::test_attention[multi_head_attention3-2-batch_shape3]
tests/test_nn.py::test_attention[multi_head_attention3-2-batch_shape4]
tests/test_nn.py::test_attention[multi_head_attention3-2-batch_shape5]
tests/test_nn.py::test_attention[multi_head_attention3-10-batch_shape0]
tests/test_nn.py::test_attention[multi_head_attention3-10-batch_shape1]
tests/test_nn.py::test_attention[multi_head_attention3-10-batch_shape2]
tests/test_nn.py::test_attention[multi_head_attention3-10-batch_shape3]
tests/test_nn.py::test_attention[multi_head_attention3-10-batch_shape4]
tests/test_nn.py::test_attention[multi_head_attention3-10-batch_shape5]
tests/test_nn.py::test_attention[multi_head_attention4-1-batch_shape0]
tests/test_nn.py::test_attention[multi_head_attention4-1-batch_shape1]
tests/test_nn.py::test_attention[multi_head_attention4-1-batch_shape2]
tests/test_nn.py::test_attention[multi_head_attention4-1-batch_shape3]
tests/test_nn.py::test_attention[multi_head_attention4-1-batch_shape4]
tests/test_nn.py::test_attention[multi_head_attention4-1-batch_shape5]
tests/test_nn.py::test_attention[multi_head_attention4-2-batch_shape0]
tests/test_nn.py::test_attention[multi_head_attention4-2-batch_shape1]
tests/test_nn.py::test_attention[multi_head_attention4-2-batch_shape2]
tests/test_nn.py::test_attention[multi_head_attention4-2-batch_shape3]
tests/test_nn.py::test_attention[multi_head_attention4-2-batch_shape4]
tests/test_nn.py::test_attention[multi_head_attention4-2-batch_shape5]
tests/test_nn.py::test_attention[multi_head_attention4-10-batch_shape0]
tests/test_nn.py::test_attention[multi_head_attention4-10-batch_shape1]
tests/test_nn.py::test_attention[multi_head_attention4-10-batch_shape2]
tests/test_nn.py::test_attention[multi_head_attention4-10-batch_shape3]
tests/test_nn.py::test_attention[multi_head_attention4-10-batch_shape4]
tests/test_nn.py::test_attention[multi_head_attention4-10-batch_shape5]
tests/test_nn.py::test_attention[multi_head_attention5-1-batch_shape0]
tests/test_nn.py::test_attention[multi_head_attention5-1-batch_shape1]
tests/test_nn.py::test_attention[multi_head_attention5-1-batch_shape2]
tests/test_nn.py::test_attention[multi_head_attention5-1-batch_shape3]
tests/test_nn.py::test_attention[multi_head_attention5-1-batch_shape4]
tests/test_nn.py::test_attention[multi_head_attention5-1-batch_shape5]
tests/test_nn.py::test_attention[multi_head_attention5-2-batch_shape0]
tests/test_nn.py::test_attention[multi_head_attention5-2-batch_shape1]
tests/test_nn.py::test_attention[multi_head_attention5-2-batch_shape2]
tests/test_nn.py::test_attention[multi_head_attention5-2-batch_shape3]
tests/test_nn.py::test_attention[multi_head_attention5-2-batch_shape4]
tests/test_nn.py::test_attention[multi_head_attention5-2-batch_shape5]
tests/test_nn.py::test_attention[multi_head_attention5-10-batch_shape0]
tests/test_nn.py::test_attention[multi_head_attention5-10-batch_shape1]
tests/test_nn.py::test_attention[multi_head_attention5-10-batch_shape2]
tests/test_nn.py::test_attention[multi_head_attention5-10-batch_shape3]
tests/test_nn.py::test_attention[multi_head_attention5-10-batch_shape4]
tests/test_nn.py::test_attention[multi_head_attention5-10-batch_shape5]
tests/test_nn.py::test_induced_self_attention
tests/test_nn.py::test_qassmax_query_scale_checkpointing_matches_eager
tests/test_nn.py::test_coupling[coupling_mlp0-batch_shape0]
tests/test_nn.py::test_coupling[coupling_mlp0-batch_shape1]
tests/test_nn.py::test_coupling[coupling_mlp0-batch_shape2]
tests/test_nn.py::test_coupling[coupling_mlp0-batch_shape3]
tests/test_nn.py::test_coupling[coupling_mlp0-batch_shape4]
tests/test_nn.py::test_coupling[coupling_mlp0-batch_shape5]
tests/test_nn.py::test_coupling[coupling_mlp1-batch_shape0]
tests/test_nn.py::test_coupling[coupling_mlp1-batch_shape1]
tests/test_nn.py::test_coupling[coupling_mlp1-batch_shape2]
tests/test_nn.py::test_coupling[coupling_mlp1-batch_shape3]
tests/test_nn.py::test_coupling[coupling_mlp1-batch_shape4]
tests/test_nn.py::test_coupling[coupling_mlp1-batch_shape5]
tests/test_nn.py::test_coupling[coupling_mlp2-batch_shape0]
tests/test_nn.py::test_coupling[coupling_mlp2-batch_shape1]
tests/test_nn.py::test_coupling[coupling_mlp2-batch_shape2]
tests/test_nn.py::test_coupling[coupling_mlp2-batch_shape3]
tests/test_nn.py::test_coupling[coupling_mlp2-batch_shape4]
tests/test_nn.py::test_coupling[coupling_mlp2-batch_shape5]
tests/test_nn.py::test_coupling[coupling_mlp3-batch_shape0]
tests/test_nn.py::test_coupling[coupling_mlp3-batch_shape1]
tests/test_nn.py::test_coupling[coupling_mlp3-batch_shape2]
tests/test_nn.py::test_coupling[coupling_mlp3-batch_shape3]
tests/test_nn.py::test_coupling[coupling_mlp3-batch_shape4]
tests/test_nn.py::test_coupling[coupling_mlp3-batch_shape5]
tests/test_nn.py::test_coupling_mlp_custom_split_merge
tests/test_nn.py::test_coupling_transformer_with_context
tests/test_nn.py::test_autoregressive[autoregressive_mlp0-batch_shape0]
tests/test_nn.py::test_autoregressive[autoregressive_mlp0-batch_shape1]
tests/test_nn.py::test_autoregressive[autoregressive_mlp0-batch_shape2]
tests/test_nn.py::test_autoregressive[autoregressive_mlp0-batch_shape3]
tests/test_nn.py::test_autoregressive[autoregressive_mlp0-batch_shape4]
tests/test_nn.py::test_autoregressive[autoregressive_mlp0-batch_shape5]
tests/test_nn.py::test_autoregressive[autoregressive_mlp1-batch_shape0]
tests/test_nn.py::test_autoregressive[autoregressive_mlp1-batch_shape1]
tests/test_nn.py::test_autoregressive[autoregressive_mlp1-batch_shape2]
tests/test_nn.py::test_autoregressive[autoregressive_mlp1-batch_shape3]
tests/test_nn.py::test_autoregressive[autoregressive_mlp1-batch_shape4]
tests/test_nn.py::test_autoregressive[autoregressive_mlp1-batch_shape5]
tests/test_nn.py::test_autoregressive[autoregressive_mlp2-batch_shape0]
tests/test_nn.py::test_autoregressive[autoregressive_mlp2-batch_shape1]
tests/test_nn.py::test_autoregressive[autoregressive_mlp2-batch_shape2]
tests/test_nn.py::test_autoregressive[autoregressive_mlp2-batch_shape3]
tests/test_nn.py::test_autoregressive[autoregressive_mlp2-batch_shape4]
tests/test_nn.py::test_autoregressive[autoregressive_mlp2-batch_shape5]
tests/test_nn.py::test_autoregressive[autoregressive_mlp3-batch_shape0]
tests/test_nn.py::test_autoregressive[autoregressive_mlp3-batch_shape1]
tests/test_nn.py::test_autoregressive[autoregressive_mlp3-batch_shape2]
tests/test_nn.py::test_autoregressive[autoregressive_mlp3-batch_shape3]
tests/test_nn.py::test_autoregressive[autoregressive_mlp3-batch_shape4]
tests/test_nn.py::test_autoregressive[autoregressive_mlp3-batch_shape5]
tests/test_nn.py::test_autoregressive_transformer_kv_cache_matches_naive
tests/test_nn.py::test_autoregressive_ssm_roundtrip
tests/test_nn.py::test_autoregressive_ssm_is_causal
tests/test_nn.py::test_gaussian_fourier_embedding[gaussian_fourier_embedding0-batch_shape0]
tests/test_nn.py::test_gaussian_fourier_embedding[gaussian_fourier_embedding0-batch_shape1]
tests/test_nn.py::test_gaussian_fourier_embedding[gaussian_fourier_embedding0-batch_shape2]
tests/test_nn.py::test_gaussian_fourier_embedding[gaussian_fourier_embedding0-batch_shape3]
tests/test_nn.py::test_gaussian_fourier_embedding[gaussian_fourier_embedding0-batch_shape4]
tests/test_nn.py::test_gaussian_fourier_embedding[gaussian_fourier_embedding0-batch_shape5]
tests/test_nn.py::test_gaussian_fourier_embedding[gaussian_fourier_embedding1-batch_shape0]
tests/test_nn.py::test_gaussian_fourier_embedding[gaussian_fourier_embedding1-batch_shape1]
tests/test_nn.py::test_gaussian_fourier_embedding[gaussian_fourier_embedding1-batch_shape2]
tests/test_nn.py::test_gaussian_fourier_embedding[gaussian_fourier_embedding1-batch_shape3]
tests/test_nn.py::test_gaussian_fourier_embedding[gaussian_fourier_embedding1-batch_shape4]
tests/test_nn.py::test_gaussian_fourier_embedding[gaussian_fourier_embedding1-batch_shape5]
tests/test_nn.py::test_gaussian_fourier_embedding[gaussian_fourier_embedding2-batch_shape0]
tests/test_nn.py::test_gaussian_fourier_embedding[gaussian_fourier_embedding2-batch_shape1]
tests/test_nn.py::test_gaussian_fourier_embedding[gaussian_fourier_embedding2-batch_shape2]
tests/test_nn.py::test_gaussian_fourier_embedding[gaussian_fourier_embedding2-batch_shape3]
tests/test_nn.py::test_gaussian_fourier_embedding[gaussian_fourier_embedding2-batch_shape4]
tests/test_nn.py::test_gaussian_fourier_embedding[gaussian_fourier_embedding2-batch_shape5]
tests/test_nn.py::test_gaussian_fourier_embedding[gaussian_fourier_embedding3-batch_shape0]
tests/test_nn.py::test_gaussian_fourier_embedding[gaussian_fourier_embedding3-batch_shape1]
tests/test_nn.py::test_gaussian_fourier_embedding[gaussian_fourier_embedding3-batch_shape2]
tests/test_nn.py::test_gaussian_fourier_embedding[gaussian_fourier_embedding3-batch_shape3]
tests/test_nn.py::test_gaussian_fourier_embedding[gaussian_fourier_embedding3-batch_shape4]
tests/test_nn.py::test_gaussian_fourier_embedding[gaussian_fourier_embedding3-batch_shape5]
tests/test_nn.py::test_gaussian_fourier_embedding[gaussian_fourier_embedding4-batch_shape0]
tests/test_nn.py::test_gaussian_fourier_embedding[gaussian_fourier_embedding4-batch_shape1]
tests/test_nn.py::test_gaussian_fourier_embedding[gaussian_fourier_embedding4-batch_shape2]
tests/test_nn.py::test_gaussian_fourier_embedding[gaussian_fourier_embedding4-batch_shape3]
tests/test_nn.py::test_gaussian_fourier_embedding[gaussian_fourier_embedding4-batch_shape4]
tests/test_nn.py::test_gaussian_fourier_embedding[gaussian_fourier_embedding4-batch_shape5]
tests/test_nn.py::test_gaussian_fourier_embedding[gaussian_fourier_embedding5-batch_shape0]
tests/test_nn.py::test_gaussian_fourier_embedding[gaussian_fourier_embedding5-batch_shape1]
tests/test_nn.py::test_gaussian_fourier_embedding[gaussian_fourier_embedding5-batch_shape2]
tests/test_nn.py::test_gaussian_fourier_embedding[gaussian_fourier_embedding5-batch_shape3]
tests/test_nn.py::test_gaussian_fourier_embedding[gaussian_fourier_embedding5-batch_shape4]
tests/test_nn.py::test_gaussian_fourier_embedding[gaussian_fourier_embedding5-batch_shape5]
tests/test_nn.py::test_transformer[transformer0-1-batch_shape0]
tests/test_nn.py::test_transformer[transformer0-1-batch_shape1]
tests/test_nn.py::test_transformer[transformer0-1-batch_shape2]
tests/test_nn.py::test_transformer[transformer0-1-batch_shape3]
tests/test_nn.py::test_transformer[transformer0-1-batch_shape4]
tests/test_nn.py::test_transformer[transformer0-1-batch_shape5]
tests/test_nn.py::test_transformer[transformer0-2-batch_shape0]
tests/test_nn.py::test_transformer[transformer0-2-batch_shape1]
tests/test_nn.py::test_transformer[transformer0-2-batch_shape2]
tests/test_nn.py::test_transformer[transformer0-2-batch_shape3]
tests/test_nn.py::test_transformer[transformer0-2-batch_shape4]
tests/test_nn.py::test_transformer[transformer0-2-batch_shape5]
tests/test_nn.py::test_transformer[transformer0-10-batch_shape0]
tests/test_nn.py::test_transformer[transformer0-10-batch_shape1]
tests/test_nn.py::test_transformer[transformer0-10-batch_shape2]
tests/test_nn.py::test_transformer[transformer0-10-batch_shape3]
tests/test_nn.py::test_transformer[transformer0-10-batch_shape4]
tests/test_nn.py::test_transformer[transformer0-10-batch_shape5]
tests/test_nn.py::test_transformer[transformer1-1-batch_shape0]
tests/test_nn.py::test_transformer[transformer1-1-batch_shape1]
tests/test_nn.py::test_transformer[transformer1-1-batch_shape2]
tests/test_nn.py::test_transformer[transformer1-1-batch_shape3]
tests/test_nn.py::test_transformer[transformer1-1-batch_shape4]
tests/test_nn.py::test_transformer[transformer1-1-batch_shape5]
tests/test_nn.py::test_transformer[transformer1-2-batch_shape0]
tests/test_nn.py::test_transformer[transformer1-2-batch_shape1]
tests/test_nn.py::test_transformer[transformer1-2-batch_shape2]
tests/test_nn.py::test_transformer[transformer1-2-batch_shape3]
tests/test_nn.py::test_transformer[transformer1-2-batch_shape4]
tests/test_nn.py::test_transformer[transformer1-2-batch_shape5]
tests/test_nn.py::test_transformer[transformer1-10-batch_shape0]
tests/test_nn.py::test_transformer[transformer1-10-batch_shape1]
tests/test_nn.py::test_transformer[transformer1-10-batch_shape2]
tests/test_nn.py::test_transformer[transformer1-10-batch_shape3]
tests/test_nn.py::test_transformer[transformer1-10-batch_shape4]
tests/test_nn.py::test_transformer[transformer1-10-batch_shape5]
tests/test_nn.py::test_transformer[transformer2-1-batch_shape0]
tests/test_nn.py::test_transformer[transformer2-1-batch_shape1]
tests/test_nn.py::test_transformer[transformer2-1-batch_shape2]
tests/test_nn.py::test_transformer[transformer2-1-batch_shape3]
tests/test_nn.py::test_transformer[transformer2-1-batch_shape4]
tests/test_nn.py::test_transformer[transformer2-1-batch_shape5]
tests/test_nn.py::test_transformer[transformer2-2-batch_shape0]
tests/test_nn.py::test_transformer[transformer2-2-batch_shape1]
tests/test_nn.py::test_transformer[transformer2-2-batch_shape2]
tests/test_nn.py::test_transformer[transformer2-2-batch_shape3]
tests/test_nn.py::test_transformer[transformer2-2-batch_shape4]
tests/test_nn.py::test_transformer[transformer2-2-batch_shape5]
tests/test_nn.py::test_transformer[transformer2-10-batch_shape0]
tests/test_nn.py::test_transformer[transformer2-10-batch_shape1]
tests/test_nn.py::test_transformer[transformer2-10-batch_shape2]
tests/test_nn.py::test_transformer[transformer2-10-batch_shape3]
tests/test_nn.py::test_transformer[transformer2-10-batch_shape4]
tests/test_nn.py::test_transformer[transformer2-10-batch_shape5]
tests/test_nn.py::test_transformer[transformer3-1-batch_shape0]
tests/test_nn.py::test_transformer[transformer3-1-batch_shape1]
tests/test_nn.py::test_transformer[transformer3-1-batch_shape2]
tests/test_nn.py::test_transformer[transformer3-1-batch_shape3]
tests/test_nn.py::test_transformer[transformer3-1-batch_shape4]
tests/test_nn.py::test_transformer[transformer3-1-batch_shape5]
tests/test_nn.py::test_transformer[transformer3-2-batch_shape0]
tests/test_nn.py::test_transformer[transformer3-2-batch_shape1]
tests/test_nn.py::test_transformer[transformer3-2-batch_shape2]
tests/test_nn.py::test_transformer[transformer3-2-batch_shape3]
tests/test_nn.py::test_transformer[transformer3-2-batch_shape4]
tests/test_nn.py::test_transformer[transformer3-2-batch_shape5]
tests/test_nn.py::test_transformer[transformer3-10-batch_shape0]
tests/test_nn.py::test_transformer[transformer3-10-batch_shape1]
tests/test_nn.py::test_transformer[transformer3-10-batch_shape2]
tests/test_nn.py::test_transformer[transformer3-10-batch_shape3]
tests/test_nn.py::test_transformer[transformer3-10-batch_shape4]
tests/test_nn.py::test_transformer[transformer3-10-batch_shape5]
tests/test_nn.py::test_transformer[transformer4-1-batch_shape0]
tests/test_nn.py::test_transformer[transformer4-1-batch_shape1]
tests/test_nn.py::test_transformer[transformer4-1-batch_shape2]
tests/test_nn.py::test_transformer[transformer4-1-batch_shape3]
tests/test_nn.py::test_transformer[transformer4-1-batch_shape4]
tests/test_nn.py::test_transformer[transformer4-1-batch_shape5]
tests/test_nn.py::test_transformer[transformer4-2-batch_shape0]
tests/test_nn.py::test_transformer[transformer4-2-batch_shape1]
tests/test_nn.py::test_transformer[transformer4-2-batch_shape2]
tests/test_nn.py::test_transformer[transformer4-2-batch_shape3]
tests/test_nn.py::test_transformer[transformer4-2-batch_shape4]
tests/test_nn.py::test_transformer[transformer4-2-batch_shape5]
tests/test_nn.py::test_transformer[transformer4-10-batch_shape0]
tests/test_nn.py::test_transformer[transformer4-10-batch_shape1]
tests/test_nn.py::test_transformer[transformer4-10-batch_shape2]
tests/test_nn.py::test_transformer[transformer4-10-batch_shape3]
tests/test_nn.py::test_transformer[transformer4-10-batch_shape4]
tests/test_nn.py::test_transformer[transformer4-10-batch_shape5]
tests/test_nn.py::test_transformer[transformer5-1-batch_shape0]
tests/test_nn.py::test_transformer[transformer5-1-batch_shape1]
tests/test_nn.py::test_transformer[transformer5-1-batch_shape2]
tests/test_nn.py::test_transformer[transformer5-1-batch_shape3]
tests/test_nn.py::test_transformer[transformer5-1-batch_shape4]
tests/test_nn.py::test_transformer[transformer5-1-batch_shape5]
tests/test_nn.py::test_transformer[transformer5-2-batch_shape0]
tests/test_nn.py::test_transformer[transformer5-2-batch_shape1]
tests/test_nn.py::test_transformer[transformer5-2-batch_shape2]
tests/test_nn.py::test_transformer[transformer5-2-batch_shape3]
tests/test_nn.py::test_transformer[transformer5-2-batch_shape4]
tests/test_nn.py::test_transformer[transformer5-2-batch_shape5]
tests/test_nn.py::test_transformer[transformer5-10-batch_shape0]
tests/test_nn.py::test_transformer[transformer5-10-batch_shape1]
tests/test_nn.py::test_transformer[transformer5-10-batch_shape2]
tests/test_nn.py::test_transformer[transformer5-10-batch_shape3]
tests/test_nn.py::test_transformer[transformer5-10-batch_shape4]
tests/test_nn.py::test_transformer[transformer5-10-batch_shape5]
tests/test_nn.py::test_transformer_with_context[AffineFuse0-1-batch_shape0]
tests/test_nn.py::test_transformer_with_context[AffineFuse0-1-batch_shape1]
tests/test_nn.py::test_transformer_with_context[AffineFuse0-1-batch_shape2]
tests/test_nn.py::test_transformer_with_context[AffineFuse0-1-batch_shape3]
tests/test_nn.py::test_transformer_with_context[AffineFuse0-1-batch_shape4]
tests/test_nn.py::test_transformer_with_context[AffineFuse0-1-batch_shape5]
tests/test_nn.py::test_transformer_with_context[AffineFuse0-2-batch_shape0]
tests/test_nn.py::test_transformer_with_context[AffineFuse0-2-batch_shape1]
tests/test_nn.py::test_transformer_with_context[AffineFuse0-2-batch_shape2]
tests/test_nn.py::test_transformer_with_context[AffineFuse0-2-batch_shape3]
tests/test_nn.py::test_transformer_with_context[AffineFuse0-2-batch_shape4]
tests/test_nn.py::test_transformer_with_context[AffineFuse0-2-batch_shape5]
tests/test_nn.py::test_transformer_with_context[AffineFuse0-10-batch_shape0]
tests/test_nn.py::test_transformer_with_context[AffineFuse0-10-batch_shape1]
tests/test_nn.py::test_transformer_with_context[AffineFuse0-10-batch_shape2]
tests/test_nn.py::test_transformer_with_context[AffineFuse0-10-batch_shape3]
tests/test_nn.py::test_transformer_with_context[AffineFuse0-10-batch_shape4]
tests/test_nn.py::test_transformer_with_context[AffineFuse0-10-batch_shape5]
tests/test_nn.py::test_transformer_with_context[AdditiveFuse0-1-batch_shape0]
tests/test_nn.py::test_transformer_with_context[AdditiveFuse0-1-batch_shape1]
tests/test_nn.py::test_transformer_with_context[AdditiveFuse0-1-batch_shape2]
tests/test_nn.py::test_transformer_with_context[AdditiveFuse0-1-batch_shape3]
tests/test_nn.py::test_transformer_with_context[AdditiveFuse0-1-batch_shape4]
tests/test_nn.py::test_transformer_with_context[AdditiveFuse0-1-batch_shape5]
tests/test_nn.py::test_transformer_with_context[AdditiveFuse0-2-batch_shape0]
tests/test_nn.py::test_transformer_with_context[AdditiveFuse0-2-batch_shape1]
tests/test_nn.py::test_transformer_with_context[AdditiveFuse0-2-batch_shape2]
tests/test_nn.py::test_transformer_with_context[AdditiveFuse0-2-batch_shape3]
tests/test_nn.py::test_transformer_with_context[AdditiveFuse0-2-batch_shape4]
tests/test_nn.py::test_transformer_with_context[AdditiveFuse0-2-batch_shape5]
tests/test_nn.py::test_transformer_with_context[AdditiveFuse0-10-batch_shape0]
tests/test_nn.py::test_transformer_with_context[AdditiveFuse0-10-batch_shape1]
tests/test_nn.py::test_transformer_with_context[AdditiveFuse0-10-batch_shape2]
tests/test_nn.py::test_transformer_with_context[AdditiveFuse0-10-batch_shape3]
tests/test_nn.py::test_transformer_with_context[AdditiveFuse0-10-batch_shape4]
tests/test_nn.py::test_transformer_with_context[AdditiveFuse0-10-batch_shape5]
tests/test_nn.py::test_transformer_with_context[ConcatFuse0-1-batch_shape0]
tests/test_nn.py::test_transformer_with_context[ConcatFuse0-1-batch_shape1]
tests/test_nn.py::test_transformer_with_context[ConcatFuse0-1-batch_shape2]
tests/test_nn.py::test_transformer_with_context[ConcatFuse0-1-batch_shape3]
tests/test_nn.py::test_transformer_with_context[ConcatFuse0-1-batch_shape4]
tests/test_nn.py::test_transformer_with_context[ConcatFuse0-1-batch_shape5]
tests/test_nn.py::test_transformer_with_context[ConcatFuse0-2-batch_shape0]
tests/test_nn.py::test_transformer_with_context[ConcatFuse0-2-batch_shape1]
tests/test_nn.py::test_transformer_with_context[ConcatFuse0-2-batch_shape2]
tests/test_nn.py::test_transformer_with_context[ConcatFuse0-2-batch_shape3]
tests/test_nn.py::test_transformer_with_context[ConcatFuse0-2-batch_shape4]
tests/test_nn.py::test_transformer_with_context[ConcatFuse0-2-batch_shape5]
tests/test_nn.py::test_transformer_with_context[ConcatFuse0-10-batch_shape0]
tests/test_nn.py::test_transformer_with_context[ConcatFuse0-10-batch_shape1]
tests/test_nn.py::test_transformer_with_context[ConcatFuse0-10-batch_shape2]
tests/test_nn.py::test_transformer_with_context[ConcatFuse0-10-batch_shape3]
tests/test_nn.py::test_transformer_with_context[ConcatFuse0-10-batch_shape4]
tests/test_nn.py::test_transformer_with_context[ConcatFuse0-10-batch_shape5]
tests/test_nn.py::test_transformer_with_context[AffineFuse1-1-batch_shape0]
tests/test_nn.py::test_transformer_with_context[AffineFuse1-1-batch_shape1]
tests/test_nn.py::test_transformer_with_context[AffineFuse1-1-batch_shape2]
tests/test_nn.py::test_transformer_with_context[AffineFuse1-1-batch_shape3]
tests/test_nn.py::test_transformer_with_context[AffineFuse1-1-batch_shape4]
tests/test_nn.py::test_transformer_with_context[AffineFuse1-1-batch_shape5]
tests/test_nn.py::test_transformer_with_context[AffineFuse1-2-batch_shape0]
tests/test_nn.py::test_transformer_with_context[AffineFuse1-2-batch_shape1]
tests/test_nn.py::test_transformer_with_context[AffineFuse1-2-batch_shape2]
tests/test_nn.py::test_transformer_with_context[AffineFuse1-2-batch_shape3]
tests/test_nn.py::test_transformer_with_context[AffineFuse1-2-batch_shape4]
tests/test_nn.py::test_transformer_with_context[AffineFuse1-2-batch_shape5]
tests/test_nn.py::test_transformer_with_context[AffineFuse1-10-batch_shape0]
tests/test_nn.py::test_transformer_with_context[AffineFuse1-10-batch_shape1]
tests/test_nn.py::test_transformer_with_context[AffineFuse1-10-batch_shape2]
tests/test_nn.py::test_transformer_with_context[AffineFuse1-10-batch_shape3]
tests/test_nn.py::test_transformer_with_context[AffineFuse1-10-batch_shape4]
tests/test_nn.py::test_transformer_with_context[AffineFuse1-10-batch_shape5]
tests/test_nn.py::test_transformer_with_context[AdditiveFuse1-1-batch_shape0]
tests/test_nn.py::test_transformer_with_context[AdditiveFuse1-1-batch_shape1]
tests/test_nn.py::test_transformer_with_context[AdditiveFuse1-1-batch_shape2]
tests/test_nn.py::test_transformer_with_context[AdditiveFuse1-1-batch_shape3]
tests/test_nn.py::test_transformer_with_context[AdditiveFuse1-1-batch_shape4]
tests/test_nn.py::test_transformer_with_context[AdditiveFuse1-1-batch_shape5]
tests/test_nn.py::test_transformer_with_context[AdditiveFuse1-2-batch_shape0]
tests/test_nn.py::test_transformer_with_context[AdditiveFuse1-2-batch_shape1]
tests/test_nn.py::test_transformer_with_context[AdditiveFuse1-2-batch_shape2]
tests/test_nn.py::test_transformer_with_context[AdditiveFuse1-2-batch_shape3]
tests/test_nn.py::test_transformer_with_context[AdditiveFuse1-2-batch_shape4]
tests/test_nn.py::test_transformer_with_context[AdditiveFuse1-2-batch_shape5]
tests/test_nn.py::test_transformer_with_context[AdditiveFuse1-10-batch_shape0]
tests/test_nn.py::test_transformer_with_context[AdditiveFuse1-10-batch_shape1]
tests/test_nn.py::test_transformer_with_context[AdditiveFuse1-10-batch_shape2]
tests/test_nn.py::test_transformer_with_context[AdditiveFuse1-10-batch_shape3]
tests/test_nn.py::test_transformer_with_context[AdditiveFuse1-10-batch_shape4]
tests/test_nn.py::test_transformer_with_context[AdditiveFuse1-10-batch_shape5]
tests/test_nn.py::test_transformer_with_context[ConcatFuse1-1-batch_shape0]
tests/test_nn.py::test_transformer_with_context[ConcatFuse1-1-batch_shape1]
tests/test_nn.py::test_transformer_with_context[ConcatFuse1-1-batch_shape2]
tests/test_nn.py::test_transformer_with_context[ConcatFuse1-1-batch_shape3]
tests/test_nn.py::test_transformer_with_context[ConcatFuse1-1-batch_shape4]
tests/test_nn.py::test_transformer_with_context[ConcatFuse1-1-batch_shape5]
tests/test_nn.py::test_transformer_with_context[ConcatFuse1-2-batch_shape0]
tests/test_nn.py::test_transformer_with_context[ConcatFuse1-2-batch_shape1]
tests/test_nn.py::test_transformer_with_context[ConcatFuse1-2-batch_shape2]
tests/test_nn.py::test_transformer_with_context[ConcatFuse1-2-batch_shape3]
tests/test_nn.py::test_transformer_with_context[ConcatFuse1-2-batch_shape4]
tests/test_nn.py::test_transformer_with_context[ConcatFuse1-2-batch_shape5]
tests/test_nn.py::test_transformer_with_context[ConcatFuse1-10-batch_shape0]
tests/test_nn.py::test_transformer_with_context[ConcatFuse1-10-batch_shape1]
tests/test_nn.py::test_transformer_with_context[ConcatFuse1-10-batch_shape2]
tests/test_nn.py::test_transformer_with_context[ConcatFuse1-10-batch_shape3]
tests/test_nn.py::test_transformer_with_context[ConcatFuse1-10-batch_shape4]
tests/test_nn.py::test_transformer_with_context[ConcatFuse1-10-batch_shape5]
tests/test_nn.py::test_transformer_with_context_and_cross_attention[1-batch_shape0]
tests/test_nn.py::test_transformer_with_context_and_cross_attention[1-batch_shape1]
tests/test_nn.py::test_transformer_with_context_and_cross_attention[1-batch_shape2]
tests/test_nn.py::test_transformer_with_context_and_cross_attention[1-batch_shape3]
tests/test_nn.py::test_transformer_with_context_and_cross_attention[1-batch_shape4]
tests/test_nn.py::test_transformer_with_context_and_cross_attention[1-batch_shape5]
tests/test_nn.py::test_transformer_with_context_and_cross_attention[2-batch_shape0]
tests/test_nn.py::test_transformer_with_context_and_cross_attention[2-batch_shape1]
tests/test_nn.py::test_transformer_with_context_and_cross_attention[2-batch_shape2]
tests/test_nn.py::test_transformer_with_context_and_cross_attention[2-batch_shape3]
tests/test_nn.py::test_transformer_with_context_and_cross_attention[2-batch_shape4]
tests/test_nn.py::test_transformer_with_context_and_cross_attention[2-batch_shape5]
tests/test_nn.py::test_transformer_with_context_and_cross_attention[10-batch_shape0]
tests/test_nn.py::test_transformer_with_context_and_cross_attention[10-batch_shape1]
tests/test_nn.py::test_transformer_with_context_and_cross_attention[10-batch_shape2]
tests/test_nn.py::test_transformer_with_context_and_cross_attention[10-batch_shape3]
tests/test_nn.py::test_transformer_with_context_and_cross_attention[10-batch_shape4]
tests/test_nn.py::test_transformer_with_context_and_cross_attention[10-batch_shape5]
tests/test_nn.py::test_ssm[ssm0-1]
tests/test_nn.py::test_ssm[ssm0-2]
tests/test_nn.py::test_ssm[ssm0-10]
tests/test_nn.py::test_ssm[ssm1-1]
tests/test_nn.py::test_ssm[ssm1-2]
tests/test_nn.py::test_ssm[ssm1-10]
tests/test_nn.py::test_ssm[ssm2-1]
tests/test_nn.py::test_ssm[ssm2-2]
tests/test_nn.py::test_ssm[ssm2-10]
tests/test_nn.py::test_ssm[ssm3-1]
tests/test_nn.py::test_ssm[ssm3-2]
tests/test_nn.py::test_ssm[ssm3-10]
tests/test_nn.py::test_ssm[ssm4-1]
tests/test_nn.py::test_ssm[ssm4-2]
tests/test_nn.py::test_ssm[ssm4-10]
tests/test_nn.py::test_ssm[ssm5-1]
tests/test_nn.py::test_ssm[ssm5-2]
tests/test_nn.py::test_ssm[ssm5-10]
tests/test_nn.py::test_diffusion[denoising_diffusion0]
tests/test_nn.py::test_diffusion[denoising_diffusion1]
tests/test_nn.py::test_diffusion[denoising_diffusion2]
tests/test_nn.py::test_diffusion[denoising_diffusion3]
tests/test_nn.py::test_diffusion[denoising_diffusion4]
tests/test_nn.py::test_diffusion[denoising_diffusion5]
tests/test_nn.py::test_flows[coupling_additive_2]
tests/test_nn.py::test_flows[coupling_affine_2]
tests/test_nn.py::test_flows[coupling_spline_2]
tests/test_nn.py::test_flows[autoregressive_additive_2]
tests/test_nn.py::test_flows[autoregressive_affine_2]
tests/test_nn.py::test_flows[autoregressive_spline_2]
tests/test_nn.py::test_flows[coupling_additive_3]
tests/test_nn.py::test_flows[coupling_affine_3]
tests/test_nn.py::test_flows[coupling_spline_3]
tests/test_nn.py::test_flows[autoregressive_additive_3]
tests/test_nn.py::test_flows[autoregressive_affine_3]
tests/test_nn.py::test_flows[autoregressive_spline_3]
tests/test_nn.py::test_conditional_flows_with_context[<lambda>0]
tests/test_nn.py::test_conditional_flows_with_context[<lambda>1]
tests/test_nn.py::test_named_flow_aliases_construct
tests/test_nn.py::test_public_import_surface
tests/test_nn.py::test_chunkify[chunkify_spatial]
tests/test_nn.py::test_chunkify[chunkify_no_channel]
tests/test_nn.py::test_masked_linear_forward
tests/test_nn.py::test_drop_path[drop_path_zero]
tests/test_nn.py::test_drop_path[drop_path_keep]
tests/test_nn.py::test_additive_binary_fuse
tests/test_nn.py::test_gated_fuse_modes[gated_convex]
tests/test_nn.py::test_gated_fuse_modes[gated_left]
tests/test_nn.py::test_gated_fuse_modes[gated_right]
tests/test_nn.py::test_gated_fuse_invalid_mode
tests/test_nn.py::test_unet_builds_for_1d_and_2d[1-3-input_shape0]
tests/test_nn.py::test_unet_builds_for_1d_and_2d[2-kernel_size1-input_shape1]
tests/test_nn.py::test_identity_1x1_is_rank_agnostic[shape0]
tests/test_nn.py::test_identity_1x1_is_rank_agnostic[shape1]
tests/test_nn.py::test_identity_1x1_is_rank_agnostic[shape2]
tests/test_nn_fit.py::test_ema_matches_manual_updates_and_keeps_raw_parameters
tests/test_nn_fit.py::test_callback_lifecycle_and_early_stop_use_device_snapshots
tests/test_nn_fit.py::test_callback_chunks_preserve_randomness_and_final_partial_chunk
tests/test_nn_fit.py::test_callback_can_validate_with_jit_and_exception_propagates
tests/test_nn_fit.py::test_legacy_stop_keeps_nan_loss_and_actual_update_count
tests/test_nn_fit.py::test_stop_before_training_and_zero_steps
tests/test_nn_fit.py::test_stateful_functional_loss
tests/test_nn_fit.py::test_module_frozen_params_state_updates_and_repeated_fit
tests/test_nn_fit.py::test_module_batchnorm_statistics_survive_fit
tests/test_nn_fit.py::test_fit_invalid_options[kwargs0]
tests/test_nn_fit.py::test_fit_invalid_options[kwargs1]
tests/test_nn_fit.py::test_fit_invalid_options[kwargs2]
tests/test_nn_fit.py::test_fit_invalid_options[kwargs3]
tests/test_nn_fit.py::test_fit_invalid_options[kwargs4]
tests/test_nn_fit.py::test_fit_invalid_options[kwargs5]
tests/test_nn_fit.py::test_fit_invalid_options[kwargs6]
tests/test_nn_fit.py::test_fit_invalid_options[kwargs7]
tests/test_nn_fit.py::test_model_training_hooks_compose_with_caller_options
tests/test_nn_fit.py::test_stream_ema_and_callbacks_match_full_batch
tests/test_nn_overrides.py::test_mlp_and_resnet_subclass_defaults_and_explicit_none
tests/test_nn_overrides.py::test_ssm_projection_and_transformer_dense_overrides
tests/test_nn_overrides.py::test_time_mlp_submodules_are_replaceable
tests/test_nn_overrides.py::test_unet_projection_subclass_override
tests/test_nn_overrides.py::test_deepset_forwards_rho_positional_arguments
tests/test_nn_sharding.py::test_no_mesh_helpers_are_noops
tests/test_nn_sharding.py::test_no_mesh_construction_carries_no_sharding_annotation
tests/test_nn_sharding.py::test_default_rules_cover_all_names
tests/test_nn_sharding.py::test_no_mesh_moe_carries_no_sharding_annotation
tests/test_nn_sharding.py::test_moe_aux_is_jit_compatible_pytree
tests/test_nn_sharding.py::test_size_one_axis_resolves_to_replicated
tests/test_odeint.py::test_odeint_basic_linear_ode[linear_periodic_2d-exp_euler]
tests/test_odeint.py::test_odeint_basic_linear_ode[linear_periodic_2d-exp_midpoint]
tests/test_odeint.py::test_odeint_basic_linear_ode[linear_periodic_2d-exp_rk4]
tests/test_odeint.py::test_odeint_basic_linear_ode[linear_periodic_2d-exp_ab2_scalarL]
tests/test_odeint.py::test_odeint_basic_linear_ode[linear_periodic_2d-exp_ab3_scalarL]
tests/test_odeint.py::test_odeint_basic_linear_ode[linear_periodic_2d-linear_exact]
tests/test_odeint.py::test_odeint_basic_linear_ode[linear_periodic_2d-euler]
tests/test_odeint.py::test_odeint_basic_linear_ode[linear_periodic_2d-heun]
tests/test_odeint.py::test_odeint_basic_linear_ode[linear_periodic_2d-heun_euler]
tests/test_odeint.py::test_odeint_basic_linear_ode[linear_periodic_2d-midpoint]
tests/test_odeint.py::test_odeint_basic_linear_ode[linear_periodic_2d-ralston]
tests/test_odeint.py::test_odeint_basic_linear_ode[linear_periodic_2d-rk3]
tests/test_odeint.py::test_odeint_basic_linear_ode[linear_periodic_2d-rk32]
tests/test_odeint.py::test_odeint_basic_linear_ode[linear_periodic_2d-bosh3]
tests/test_odeint.py::test_odeint_basic_linear_ode[linear_periodic_2d-bogacki_shampine]
tests/test_odeint.py::test_odeint_basic_linear_ode[linear_periodic_2d-heun3]
tests/test_odeint.py::test_odeint_basic_linear_ode[linear_periodic_2d-vanderhouwen]
tests/test_odeint.py::test_odeint_basic_linear_ode[linear_periodic_2d-ralston3]
tests/test_odeint.py::test_odeint_basic_linear_ode[linear_periodic_2d-ssprk3]
tests/test_odeint.py::test_odeint_basic_linear_ode[linear_periodic_2d-rk4]
tests/test_odeint.py::test_odeint_basic_linear_ode[linear_periodic_2d-ralston4]
tests/test_odeint.py::test_odeint_basic_linear_ode[linear_periodic_2d-rk38]
tests/test_odeint.py::test_odeint_basic_linear_ode[linear_periodic_2d-dopri5]
tests/test_odeint.py::test_odeint_basic_linear_ode[linear_periodic_2d-tsit5]
tests/test_odeint.py::test_odeint_basic_linear_ode[linear_periodic_2d-rk6]
tests/test_odeint.py::test_odeint_basic_linear_ode[linear_periodic_2d-implicit_euler]
tests/test_odeint.py::test_odeint_basic_linear_ode[linear_periodic_2d-imp_trapez]
tests/test_odeint.py::test_odeint_basic_linear_ode[linear_periodic_2d-imp_crank_nicolson]
tests/test_odeint.py::test_odeint_basic_linear_ode[linear_stable_2d-exp_euler]
tests/test_odeint.py::test_odeint_basic_linear_ode[linear_stable_2d-exp_midpoint]
tests/test_odeint.py::test_odeint_basic_linear_ode[linear_stable_2d-exp_rk4]
tests/test_odeint.py::test_odeint_basic_linear_ode[linear_stable_2d-exp_ab2_scalarL]
tests/test_odeint.py::test_odeint_basic_linear_ode[linear_stable_2d-exp_ab3_scalarL]
tests/test_odeint.py::test_odeint_basic_linear_ode[linear_stable_2d-linear_exact]
tests/test_odeint.py::test_odeint_basic_linear_ode[linear_stable_2d-euler]
tests/test_odeint.py::test_odeint_basic_linear_ode[linear_stable_2d-heun]
tests/test_odeint.py::test_odeint_basic_linear_ode[linear_stable_2d-heun_euler]
tests/test_odeint.py::test_odeint_basic_linear_ode[linear_stable_2d-midpoint]
tests/test_odeint.py::test_odeint_basic_linear_ode[linear_stable_2d-ralston]
tests/test_odeint.py::test_odeint_basic_linear_ode[linear_stable_2d-rk3]
tests/test_odeint.py::test_odeint_basic_linear_ode[linear_stable_2d-rk32]
tests/test_odeint.py::test_odeint_basic_linear_ode[linear_stable_2d-bosh3]
tests/test_odeint.py::test_odeint_basic_linear_ode[linear_stable_2d-bogacki_shampine]
tests/test_odeint.py::test_odeint_basic_linear_ode[linear_stable_2d-heun3]
tests/test_odeint.py::test_odeint_basic_linear_ode[linear_stable_2d-vanderhouwen]
tests/test_odeint.py::test_odeint_basic_linear_ode[linear_stable_2d-ralston3]
tests/test_odeint.py::test_odeint_basic_linear_ode[linear_stable_2d-ssprk3]
tests/test_odeint.py::test_odeint_basic_linear_ode[linear_stable_2d-rk4]
tests/test_odeint.py::test_odeint_basic_linear_ode[linear_stable_2d-ralston4]
tests/test_odeint.py::test_odeint_basic_linear_ode[linear_stable_2d-rk38]
tests/test_odeint.py::test_odeint_basic_linear_ode[linear_stable_2d-dopri5]
tests/test_odeint.py::test_odeint_basic_linear_ode[linear_stable_2d-tsit5]
tests/test_odeint.py::test_odeint_basic_linear_ode[linear_stable_2d-rk6]
tests/test_odeint.py::test_odeint_basic_linear_ode[linear_stable_2d-implicit_euler]
tests/test_odeint.py::test_odeint_basic_linear_ode[linear_stable_2d-imp_trapez]
tests/test_odeint.py::test_odeint_basic_linear_ode[linear_stable_2d-imp_crank_nicolson]
tests/test_odeint.py::test_odeint_basic_linear_ode[linear_unstable_2d-exp_euler]
tests/test_odeint.py::test_odeint_basic_linear_ode[linear_unstable_2d-exp_midpoint]
tests/test_odeint.py::test_odeint_basic_linear_ode[linear_unstable_2d-exp_rk4]
tests/test_odeint.py::test_odeint_basic_linear_ode[linear_unstable_2d-exp_ab2_scalarL]
tests/test_odeint.py::test_odeint_basic_linear_ode[linear_unstable_2d-exp_ab3_scalarL]
tests/test_odeint.py::test_odeint_basic_linear_ode[linear_unstable_2d-linear_exact]
tests/test_odeint.py::test_odeint_basic_linear_ode[linear_unstable_2d-euler]
tests/test_odeint.py::test_odeint_basic_linear_ode[linear_unstable_2d-heun]
tests/test_odeint.py::test_odeint_basic_linear_ode[linear_unstable_2d-heun_euler]
tests/test_odeint.py::test_odeint_basic_linear_ode[linear_unstable_2d-midpoint]
tests/test_odeint.py::test_odeint_basic_linear_ode[linear_unstable_2d-ralston]
tests/test_odeint.py::test_odeint_basic_linear_ode[linear_unstable_2d-rk3]
tests/test_odeint.py::test_odeint_basic_linear_ode[linear_unstable_2d-rk32]
tests/test_odeint.py::test_odeint_basic_linear_ode[linear_unstable_2d-bosh3]
tests/test_odeint.py::test_odeint_basic_linear_ode[linear_unstable_2d-bogacki_shampine]
tests/test_odeint.py::test_odeint_basic_linear_ode[linear_unstable_2d-heun3]
tests/test_odeint.py::test_odeint_basic_linear_ode[linear_unstable_2d-vanderhouwen]
tests/test_odeint.py::test_odeint_basic_linear_ode[linear_unstable_2d-ralston3]
tests/test_odeint.py::test_odeint_basic_linear_ode[linear_unstable_2d-ssprk3]
tests/test_odeint.py::test_odeint_basic_linear_ode[linear_unstable_2d-rk4]
tests/test_odeint.py::test_odeint_basic_linear_ode[linear_unstable_2d-ralston4]
tests/test_odeint.py::test_odeint_basic_linear_ode[linear_unstable_2d-rk38]
tests/test_odeint.py::test_odeint_basic_linear_ode[linear_unstable_2d-dopri5]
tests/test_odeint.py::test_odeint_basic_linear_ode[linear_unstable_2d-tsit5]
tests/test_odeint.py::test_odeint_basic_linear_ode[linear_unstable_2d-rk6]
tests/test_odeint.py::test_odeint_basic_linear_ode[linear_unstable_2d-implicit_euler]
tests/test_odeint.py::test_odeint_basic_linear_ode[linear_unstable_2d-imp_trapez]
tests/test_odeint.py::test_odeint_basic_linear_ode[linear_unstable_2d-imp_crank_nicolson]
tests/test_odeint.py::test_odeint_basic_linear_ode[random_5d-exp_euler]
tests/test_odeint.py::test_odeint_basic_linear_ode[random_5d-exp_midpoint]
tests/test_odeint.py::test_odeint_basic_linear_ode[random_5d-exp_rk4]
tests/test_odeint.py::test_odeint_basic_linear_ode[random_5d-exp_ab2_scalarL]
tests/test_odeint.py::test_odeint_basic_linear_ode[random_5d-exp_ab3_scalarL]
tests/test_odeint.py::test_odeint_basic_linear_ode[random_5d-linear_exact]
tests/test_odeint.py::test_odeint_basic_linear_ode[random_5d-euler]
tests/test_odeint.py::test_odeint_basic_linear_ode[random_5d-heun]
tests/test_odeint.py::test_odeint_basic_linear_ode[random_5d-heun_euler]
tests/test_odeint.py::test_odeint_basic_linear_ode[random_5d-midpoint]
tests/test_odeint.py::test_odeint_basic_linear_ode[random_5d-ralston]
tests/test_odeint.py::test_odeint_basic_linear_ode[random_5d-rk3]
tests/test_odeint.py::test_odeint_basic_linear_ode[random_5d-rk32]
tests/test_odeint.py::test_odeint_basic_linear_ode[random_5d-bosh3]
tests/test_odeint.py::test_odeint_basic_linear_ode[random_5d-bogacki_shampine]
tests/test_odeint.py::test_odeint_basic_linear_ode[random_5d-heun3]
tests/test_odeint.py::test_odeint_basic_linear_ode[random_5d-vanderhouwen]
tests/test_odeint.py::test_odeint_basic_linear_ode[random_5d-ralston3]
tests/test_odeint.py::test_odeint_basic_linear_ode[random_5d-ssprk3]
tests/test_odeint.py::test_odeint_basic_linear_ode[random_5d-rk4]
tests/test_odeint.py::test_odeint_basic_linear_ode[random_5d-ralston4]
tests/test_odeint.py::test_odeint_basic_linear_ode[random_5d-rk38]
tests/test_odeint.py::test_odeint_basic_linear_ode[random_5d-dopri5]
tests/test_odeint.py::test_odeint_basic_linear_ode[random_5d-tsit5]
tests/test_odeint.py::test_odeint_basic_linear_ode[random_5d-rk6]
tests/test_odeint.py::test_odeint_basic_linear_ode[random_5d-implicit_euler]
tests/test_odeint.py::test_odeint_basic_linear_ode[random_5d-imp_trapez]
tests/test_odeint.py::test_odeint_basic_linear_ode[random_5d-imp_crank_nicolson]
tests/test_odeint.py::test_odeint_split_drift_ode[linear_periodic_2d-exp_euler]
tests/test_odeint.py::test_odeint_split_drift_ode[linear_periodic_2d-exp_midpoint]
tests/test_odeint.py::test_odeint_split_drift_ode[linear_periodic_2d-exp_rk4]
tests/test_odeint.py::test_odeint_split_drift_ode[linear_periodic_2d-exp_ab2_scalarL]
tests/test_odeint.py::test_odeint_split_drift_ode[linear_periodic_2d-exp_ab3_scalarL]
tests/test_odeint.py::test_odeint_split_drift_ode[linear_periodic_2d-linear_exact]
tests/test_odeint.py::test_odeint_split_drift_ode[linear_periodic_2d-euler]
tests/test_odeint.py::test_odeint_split_drift_ode[linear_periodic_2d-heun]
tests/test_odeint.py::test_odeint_split_drift_ode[linear_periodic_2d-heun_euler]
tests/test_odeint.py::test_odeint_split_drift_ode[linear_periodic_2d-midpoint]
tests/test_odeint.py::test_odeint_split_drift_ode[linear_periodic_2d-ralston]
tests/test_odeint.py::test_odeint_split_drift_ode[linear_periodic_2d-rk3]
tests/test_odeint.py::test_odeint_split_drift_ode[linear_periodic_2d-rk32]
tests/test_odeint.py::test_odeint_split_drift_ode[linear_periodic_2d-bosh3]
tests/test_odeint.py::test_odeint_split_drift_ode[linear_periodic_2d-bogacki_shampine]
tests/test_odeint.py::test_odeint_split_drift_ode[linear_periodic_2d-heun3]
tests/test_odeint.py::test_odeint_split_drift_ode[linear_periodic_2d-vanderhouwen]
tests/test_odeint.py::test_odeint_split_drift_ode[linear_periodic_2d-ralston3]
tests/test_odeint.py::test_odeint_split_drift_ode[linear_periodic_2d-ssprk3]
tests/test_odeint.py::test_odeint_split_drift_ode[linear_periodic_2d-rk4]
tests/test_odeint.py::test_odeint_split_drift_ode[linear_periodic_2d-ralston4]
tests/test_odeint.py::test_odeint_split_drift_ode[linear_periodic_2d-rk38]
tests/test_odeint.py::test_odeint_split_drift_ode[linear_periodic_2d-dopri5]
tests/test_odeint.py::test_odeint_split_drift_ode[linear_periodic_2d-tsit5]
tests/test_odeint.py::test_odeint_split_drift_ode[linear_periodic_2d-rk6]
tests/test_odeint.py::test_odeint_split_drift_ode[linear_periodic_2d-implicit_euler]
tests/test_odeint.py::test_odeint_split_drift_ode[linear_periodic_2d-imp_trapez]
tests/test_odeint.py::test_odeint_split_drift_ode[linear_periodic_2d-imp_crank_nicolson]
tests/test_odeint.py::test_odeint_split_drift_ode[linear_stable_2d-exp_euler]
tests/test_odeint.py::test_odeint_split_drift_ode[linear_stable_2d-exp_midpoint]
tests/test_odeint.py::test_odeint_split_drift_ode[linear_stable_2d-exp_rk4]
tests/test_odeint.py::test_odeint_split_drift_ode[linear_stable_2d-exp_ab2_scalarL]
tests/test_odeint.py::test_odeint_split_drift_ode[linear_stable_2d-exp_ab3_scalarL]
tests/test_odeint.py::test_odeint_split_drift_ode[linear_stable_2d-linear_exact]
tests/test_odeint.py::test_odeint_split_drift_ode[linear_stable_2d-euler]
tests/test_odeint.py::test_odeint_split_drift_ode[linear_stable_2d-heun]
tests/test_odeint.py::test_odeint_split_drift_ode[linear_stable_2d-heun_euler]
tests/test_odeint.py::test_odeint_split_drift_ode[linear_stable_2d-midpoint]
tests/test_odeint.py::test_odeint_split_drift_ode[linear_stable_2d-ralston]
tests/test_odeint.py::test_odeint_split_drift_ode[linear_stable_2d-rk3]
tests/test_odeint.py::test_odeint_split_drift_ode[linear_stable_2d-rk32]
tests/test_odeint.py::test_odeint_split_drift_ode[linear_stable_2d-bosh3]
tests/test_odeint.py::test_odeint_split_drift_ode[linear_stable_2d-bogacki_shampine]
tests/test_odeint.py::test_odeint_split_drift_ode[linear_stable_2d-heun3]
tests/test_odeint.py::test_odeint_split_drift_ode[linear_stable_2d-vanderhouwen]
tests/test_odeint.py::test_odeint_split_drift_ode[linear_stable_2d-ralston3]
tests/test_odeint.py::test_odeint_split_drift_ode[linear_stable_2d-ssprk3]
tests/test_odeint.py::test_odeint_split_drift_ode[linear_stable_2d-rk4]
tests/test_odeint.py::test_odeint_split_drift_ode[linear_stable_2d-ralston4]
tests/test_odeint.py::test_odeint_split_drift_ode[linear_stable_2d-rk38]
tests/test_odeint.py::test_odeint_split_drift_ode[linear_stable_2d-dopri5]
tests/test_odeint.py::test_odeint_split_drift_ode[linear_stable_2d-tsit5]
tests/test_odeint.py::test_odeint_split_drift_ode[linear_stable_2d-rk6]
tests/test_odeint.py::test_odeint_split_drift_ode[linear_stable_2d-implicit_euler]
tests/test_odeint.py::test_odeint_split_drift_ode[linear_stable_2d-imp_trapez]
tests/test_odeint.py::test_odeint_split_drift_ode[linear_stable_2d-imp_crank_nicolson]
tests/test_odeint.py::test_odeint_split_drift_ode[linear_unstable_2d-exp_euler]
tests/test_odeint.py::test_odeint_split_drift_ode[linear_unstable_2d-exp_midpoint]
tests/test_odeint.py::test_odeint_split_drift_ode[linear_unstable_2d-exp_rk4]
tests/test_odeint.py::test_odeint_split_drift_ode[linear_unstable_2d-exp_ab2_scalarL]
tests/test_odeint.py::test_odeint_split_drift_ode[linear_unstable_2d-exp_ab3_scalarL]
tests/test_odeint.py::test_odeint_split_drift_ode[linear_unstable_2d-linear_exact]
tests/test_odeint.py::test_odeint_split_drift_ode[linear_unstable_2d-euler]
tests/test_odeint.py::test_odeint_split_drift_ode[linear_unstable_2d-heun]
tests/test_odeint.py::test_odeint_split_drift_ode[linear_unstable_2d-heun_euler]
tests/test_odeint.py::test_odeint_split_drift_ode[linear_unstable_2d-midpoint]
tests/test_odeint.py::test_odeint_split_drift_ode[linear_unstable_2d-ralston]
tests/test_odeint.py::test_odeint_split_drift_ode[linear_unstable_2d-rk3]
tests/test_odeint.py::test_odeint_split_drift_ode[linear_unstable_2d-rk32]
tests/test_odeint.py::test_odeint_split_drift_ode[linear_unstable_2d-bosh3]
tests/test_odeint.py::test_odeint_split_drift_ode[linear_unstable_2d-bogacki_shampine]
tests/test_odeint.py::test_odeint_split_drift_ode[linear_unstable_2d-heun3]
tests/test_odeint.py::test_odeint_split_drift_ode[linear_unstable_2d-vanderhouwen]
tests/test_odeint.py::test_odeint_split_drift_ode[linear_unstable_2d-ralston3]
tests/test_odeint.py::test_odeint_split_drift_ode[linear_unstable_2d-ssprk3]
tests/test_odeint.py::test_odeint_split_drift_ode[linear_unstable_2d-rk4]
tests/test_odeint.py::test_odeint_split_drift_ode[linear_unstable_2d-ralston4]
tests/test_odeint.py::test_odeint_split_drift_ode[linear_unstable_2d-rk38]
tests/test_odeint.py::test_odeint_split_drift_ode[linear_unstable_2d-dopri5]
tests/test_odeint.py::test_odeint_split_drift_ode[linear_unstable_2d-tsit5]
tests/test_odeint.py::test_odeint_split_drift_ode[linear_unstable_2d-rk6]
tests/test_odeint.py::test_odeint_split_drift_ode[linear_unstable_2d-implicit_euler]
tests/test_odeint.py::test_odeint_split_drift_ode[linear_unstable_2d-imp_trapez]
tests/test_odeint.py::test_odeint_split_drift_ode[linear_unstable_2d-imp_crank_nicolson]
tests/test_odeint.py::test_odeint_split_drift_ode[random_5d-exp_euler]
tests/test_odeint.py::test_odeint_split_drift_ode[random_5d-exp_midpoint]
tests/test_odeint.py::test_odeint_split_drift_ode[random_5d-exp_rk4]
tests/test_odeint.py::test_odeint_split_drift_ode[random_5d-exp_ab2_scalarL]
tests/test_odeint.py::test_odeint_split_drift_ode[random_5d-exp_ab3_scalarL]
tests/test_odeint.py::test_odeint_split_drift_ode[random_5d-linear_exact]
tests/test_odeint.py::test_odeint_split_drift_ode[random_5d-euler]
tests/test_odeint.py::test_odeint_split_drift_ode[random_5d-heun]
tests/test_odeint.py::test_odeint_split_drift_ode[random_5d-heun_euler]
tests/test_odeint.py::test_odeint_split_drift_ode[random_5d-midpoint]
tests/test_odeint.py::test_odeint_split_drift_ode[random_5d-ralston]
tests/test_odeint.py::test_odeint_split_drift_ode[random_5d-rk3]
tests/test_odeint.py::test_odeint_split_drift_ode[random_5d-rk32]
tests/test_odeint.py::test_odeint_split_drift_ode[random_5d-bosh3]
tests/test_odeint.py::test_odeint_split_drift_ode[random_5d-bogacki_shampine]
tests/test_odeint.py::test_odeint_split_drift_ode[random_5d-heun3]
tests/test_odeint.py::test_odeint_split_drift_ode[random_5d-vanderhouwen]
tests/test_odeint.py::test_odeint_split_drift_ode[random_5d-ralston3]
tests/test_odeint.py::test_odeint_split_drift_ode[random_5d-ssprk3]
tests/test_odeint.py::test_odeint_split_drift_ode[random_5d-rk4]
tests/test_odeint.py::test_odeint_split_drift_ode[random_5d-ralston4]
tests/test_odeint.py::test_odeint_split_drift_ode[random_5d-rk38]
tests/test_odeint.py::test_odeint_split_drift_ode[random_5d-dopri5]
tests/test_odeint.py::test_odeint_split_drift_ode[random_5d-tsit5]
tests/test_odeint.py::test_odeint_split_drift_ode[random_5d-rk6]
tests/test_odeint.py::test_odeint_split_drift_ode[random_5d-implicit_euler]
tests/test_odeint.py::test_odeint_split_drift_ode[random_5d-imp_trapez]
tests/test_odeint.py::test_odeint_split_drift_ode[random_5d-imp_crank_nicolson]
tests/test_odeint.py::test_odeint_nonlienar_ode[logistic_problem-exp_euler]
tests/test_odeint.py::test_odeint_nonlienar_ode[logistic_problem-exp_midpoint]
tests/test_odeint.py::test_odeint_nonlienar_ode[logistic_problem-exp_rk4]
tests/test_odeint.py::test_odeint_nonlienar_ode[logistic_problem-exp_ab2_scalarL]
tests/test_odeint.py::test_odeint_nonlienar_ode[logistic_problem-exp_ab3_scalarL]
tests/test_odeint.py::test_odeint_nonlienar_ode[logistic_problem-linear_exact]
tests/test_odeint.py::test_odeint_nonlienar_ode[logistic_problem-euler]
tests/test_odeint.py::test_odeint_nonlienar_ode[logistic_problem-heun]
tests/test_odeint.py::test_odeint_nonlienar_ode[logistic_problem-heun_euler]
tests/test_odeint.py::test_odeint_nonlienar_ode[logistic_problem-midpoint]
tests/test_odeint.py::test_odeint_nonlienar_ode[logistic_problem-ralston]
tests/test_odeint.py::test_odeint_nonlienar_ode[logistic_problem-rk3]
tests/test_odeint.py::test_odeint_nonlienar_ode[logistic_problem-rk32]
tests/test_odeint.py::test_odeint_nonlienar_ode[logistic_problem-bosh3]
tests/test_odeint.py::test_odeint_nonlienar_ode[logistic_problem-bogacki_shampine]
tests/test_odeint.py::test_odeint_nonlienar_ode[logistic_problem-heun3]
tests/test_odeint.py::test_odeint_nonlienar_ode[logistic_problem-vanderhouwen]
tests/test_odeint.py::test_odeint_nonlienar_ode[logistic_problem-ralston3]
tests/test_odeint.py::test_odeint_nonlienar_ode[logistic_problem-ssprk3]
tests/test_odeint.py::test_odeint_nonlienar_ode[logistic_problem-rk4]
tests/test_odeint.py::test_odeint_nonlienar_ode[logistic_problem-ralston4]
tests/test_odeint.py::test_odeint_nonlienar_ode[logistic_problem-rk38]
tests/test_odeint.py::test_odeint_nonlienar_ode[logistic_problem-dopri5]
tests/test_odeint.py::test_odeint_nonlienar_ode[logistic_problem-tsit5]
tests/test_odeint.py::test_odeint_nonlienar_ode[logistic_problem-rk6]
tests/test_odeint.py::test_odeint_nonlienar_ode[logistic_problem-implicit_euler]
tests/test_odeint.py::test_odeint_nonlienar_ode[logistic_problem-imp_trapez]
tests/test_odeint.py::test_odeint_nonlienar_ode[logistic_problem-imp_crank_nicolson]
tests/test_odeint.py::test_odeint_with_pytree[exp_euler]
tests/test_odeint.py::test_odeint_with_pytree[exp_midpoint]
tests/test_odeint.py::test_odeint_with_pytree[exp_rk4]
tests/test_odeint.py::test_odeint_with_pytree[exp_ab2_scalarL]
tests/test_odeint.py::test_odeint_with_pytree[exp_ab3_scalarL]
tests/test_odeint.py::test_odeint_with_pytree[linear_exact]
tests/test_odeint.py::test_odeint_with_pytree[euler]
tests/test_odeint.py::test_odeint_with_pytree[heun]
tests/test_odeint.py::test_odeint_with_pytree[heun_euler]
tests/test_odeint.py::test_odeint_with_pytree[midpoint]
tests/test_odeint.py::test_odeint_with_pytree[ralston]
tests/test_odeint.py::test_odeint_with_pytree[rk3]
tests/test_odeint.py::test_odeint_with_pytree[rk32]
tests/test_odeint.py::test_odeint_with_pytree[bosh3]
tests/test_odeint.py::test_odeint_with_pytree[bogacki_shampine]
tests/test_odeint.py::test_odeint_with_pytree[heun3]
tests/test_odeint.py::test_odeint_with_pytree[vanderhouwen]
tests/test_odeint.py::test_odeint_with_pytree[ralston3]
tests/test_odeint.py::test_odeint_with_pytree[ssprk3]
tests/test_odeint.py::test_odeint_with_pytree[rk4]
tests/test_odeint.py::test_odeint_with_pytree[ralston4]
tests/test_odeint.py::test_odeint_with_pytree[rk38]
tests/test_odeint.py::test_odeint_with_pytree[dopri5]
tests/test_odeint.py::test_odeint_with_pytree[tsit5]
tests/test_odeint.py::test_odeint_with_pytree[rk6]
tests/test_odeint.py::test_odeint_with_pytree[implicit_euler]
tests/test_odeint.py::test_odeint_with_pytree[imp_trapez]
tests/test_odeint.py::test_odeint_with_pytree[imp_crank_nicolson]
tests/test_odeint.py::test_odeint_with_pytree_filter_state[exp_euler]
tests/test_odeint.py::test_odeint_with_pytree_filter_state[exp_midpoint]
tests/test_odeint.py::test_odeint_with_pytree_filter_state[exp_rk4]
tests/test_odeint.py::test_odeint_with_pytree_filter_state[exp_ab2_scalarL]
tests/test_odeint.py::test_odeint_with_pytree_filter_state[exp_ab3_scalarL]
tests/test_odeint.py::test_odeint_with_pytree_filter_state[linear_exact]
tests/test_odeint.py::test_odeint_with_pytree_filter_state[euler]
tests/test_odeint.py::test_odeint_with_pytree_filter_state[heun]
tests/test_odeint.py::test_odeint_with_pytree_filter_state[heun_euler]
tests/test_odeint.py::test_odeint_with_pytree_filter_state[midpoint]
tests/test_odeint.py::test_odeint_with_pytree_filter_state[ralston]
tests/test_odeint.py::test_odeint_with_pytree_filter_state[rk3]
tests/test_odeint.py::test_odeint_with_pytree_filter_state[rk32]
tests/test_odeint.py::test_odeint_with_pytree_filter_state[bosh3]
tests/test_odeint.py::test_odeint_with_pytree_filter_state[bogacki_shampine]
tests/test_odeint.py::test_odeint_with_pytree_filter_state[heun3]
tests/test_odeint.py::test_odeint_with_pytree_filter_state[vanderhouwen]
tests/test_odeint.py::test_odeint_with_pytree_filter_state[ralston3]
tests/test_odeint.py::test_odeint_with_pytree_filter_state[ssprk3]
tests/test_odeint.py::test_odeint_with_pytree_filter_state[rk4]
tests/test_odeint.py::test_odeint_with_pytree_filter_state[ralston4]
tests/test_odeint.py::test_odeint_with_pytree_filter_state[rk38]
tests/test_odeint.py::test_odeint_with_pytree_filter_state[dopri5]
tests/test_odeint.py::test_odeint_with_pytree_filter_state[tsit5]
tests/test_odeint.py::test_odeint_with_pytree_filter_state[rk6]
tests/test_odeint.py::test_odeint_with_pytree_filter_state[implicit_euler]
tests/test_odeint.py::test_odeint_with_pytree_filter_state[imp_trapez]
tests/test_odeint.py::test_odeint_with_pytree_filter_state[imp_crank_nicolson]
tests/test_odeint.py::test_odeint_trace_nothing[exp_euler]
tests/test_odeint.py::test_odeint_trace_nothing[exp_midpoint]
tests/test_odeint.py::test_odeint_trace_nothing[exp_rk4]
tests/test_odeint.py::test_odeint_trace_nothing[exp_ab2_scalarL]
tests/test_odeint.py::test_odeint_trace_nothing[exp_ab3_scalarL]
tests/test_odeint.py::test_odeint_trace_nothing[linear_exact]
tests/test_odeint.py::test_odeint_trace_nothing[euler]
tests/test_odeint.py::test_odeint_trace_nothing[heun]
tests/test_odeint.py::test_odeint_trace_nothing[heun_euler]
tests/test_odeint.py::test_odeint_trace_nothing[midpoint]
tests/test_odeint.py::test_odeint_trace_nothing[ralston]
tests/test_odeint.py::test_odeint_trace_nothing[rk3]
tests/test_odeint.py::test_odeint_trace_nothing[rk32]
tests/test_odeint.py::test_odeint_trace_nothing[bosh3]
tests/test_odeint.py::test_odeint_trace_nothing[bogacki_shampine]
tests/test_odeint.py::test_odeint_trace_nothing[heun3]
tests/test_odeint.py::test_odeint_trace_nothing[vanderhouwen]
tests/test_odeint.py::test_odeint_trace_nothing[ralston3]
tests/test_odeint.py::test_odeint_trace_nothing[ssprk3]
tests/test_odeint.py::test_odeint_trace_nothing[rk4]
tests/test_odeint.py::test_odeint_trace_nothing[ralston4]
tests/test_odeint.py::test_odeint_trace_nothing[rk38]
tests/test_odeint.py::test_odeint_trace_nothing[dopri5]
tests/test_odeint.py::test_odeint_trace_nothing[tsit5]
tests/test_odeint.py::test_odeint_trace_nothing[rk6]
tests/test_odeint.py::test_odeint_trace_nothing[implicit_euler]
tests/test_odeint.py::test_odeint_trace_nothing[imp_trapez]
tests/test_odeint.py::test_odeint_trace_nothing[imp_crank_nicolson]
tests/test_odeint.py::test_odeint_supports_drift_args[exp_euler]
tests/test_odeint.py::test_odeint_supports_drift_args[exp_midpoint]
tests/test_odeint.py::test_odeint_supports_drift_args[exp_rk4]
tests/test_odeint.py::test_odeint_supports_drift_args[exp_ab2_scalarL]
tests/test_odeint.py::test_odeint_supports_drift_args[exp_ab3_scalarL]
tests/test_odeint.py::test_odeint_supports_drift_args[linear_exact]
tests/test_odeint.py::test_odeint_supports_drift_args[euler]
tests/test_odeint.py::test_odeint_supports_drift_args[heun]
tests/test_odeint.py::test_odeint_supports_drift_args[heun_euler]
tests/test_odeint.py::test_odeint_supports_drift_args[midpoint]
tests/test_odeint.py::test_odeint_supports_drift_args[ralston]
tests/test_odeint.py::test_odeint_supports_drift_args[rk3]
tests/test_odeint.py::test_odeint_supports_drift_args[rk32]
tests/test_odeint.py::test_odeint_supports_drift_args[bosh3]
tests/test_odeint.py::test_odeint_supports_drift_args[bogacki_shampine]
tests/test_odeint.py::test_odeint_supports_drift_args[heun3]
tests/test_odeint.py::test_odeint_supports_drift_args[vanderhouwen]
tests/test_odeint.py::test_odeint_supports_drift_args[ralston3]
tests/test_odeint.py::test_odeint_supports_drift_args[ssprk3]
tests/test_odeint.py::test_odeint_supports_drift_args[rk4]
tests/test_odeint.py::test_odeint_supports_drift_args[ralston4]
tests/test_odeint.py::test_odeint_supports_drift_args[rk38]
tests/test_odeint.py::test_odeint_supports_drift_args[dopri5]
tests/test_odeint.py::test_odeint_supports_drift_args[tsit5]
tests/test_odeint.py::test_odeint_supports_drift_args[rk6]
tests/test_odeint.py::test_odeint_supports_drift_args[implicit_euler]
tests/test_odeint.py::test_odeint_supports_drift_args[imp_trapez]
tests/test_odeint.py::test_odeint_supports_drift_args[imp_crank_nicolson]
tests/test_odeint.py::test_odeint_split_drift_supports_args[exp_euler]
tests/test_odeint.py::test_odeint_split_drift_supports_args[exp_midpoint]
tests/test_odeint.py::test_odeint_split_drift_supports_args[exp_rk4]
tests/test_odeint.py::test_odeint_split_drift_supports_args[exp_ab2_scalarL]
tests/test_odeint.py::test_odeint_split_drift_supports_args[exp_ab3_scalarL]
tests/test_odeint.py::test_odeint_split_drift_supports_args[linear_exact]
tests/test_odeint.py::test_odeint_split_drift_supports_args[euler]
tests/test_odeint.py::test_odeint_split_drift_supports_args[heun]
tests/test_odeint.py::test_odeint_split_drift_supports_args[heun_euler]
tests/test_odeint.py::test_odeint_split_drift_supports_args[midpoint]
tests/test_odeint.py::test_odeint_split_drift_supports_args[ralston]
tests/test_odeint.py::test_odeint_split_drift_supports_args[rk3]
tests/test_odeint.py::test_odeint_split_drift_supports_args[rk32]
tests/test_odeint.py::test_odeint_split_drift_supports_args[bosh3]
tests/test_odeint.py::test_odeint_split_drift_supports_args[bogacki_shampine]
tests/test_odeint.py::test_odeint_split_drift_supports_args[heun3]
tests/test_odeint.py::test_odeint_split_drift_supports_args[vanderhouwen]
tests/test_odeint.py::test_odeint_split_drift_supports_args[ralston3]
tests/test_odeint.py::test_odeint_split_drift_supports_args[ssprk3]
tests/test_odeint.py::test_odeint_split_drift_supports_args[rk4]
tests/test_odeint.py::test_odeint_split_drift_supports_args[ralston4]
tests/test_odeint.py::test_odeint_split_drift_supports_args[rk38]
tests/test_odeint.py::test_odeint_split_drift_supports_args[dopri5]
tests/test_odeint.py::test_odeint_split_drift_supports_args[tsit5]
tests/test_odeint.py::test_odeint_split_drift_supports_args[rk6]
tests/test_odeint.py::test_odeint_split_drift_supports_args[implicit_euler]
tests/test_odeint.py::test_odeint_split_drift_supports_args[imp_trapez]
tests/test_odeint.py::test_odeint_split_drift_supports_args[imp_crank_nicolson]
tests/test_odeint.py::test_linear_exact_supports_linear_drift_bind_args
tests/test_odeint.py::test_linear_exact_scalar
tests/test_odeint.py::test_linear_exact_dense
tests/test_odeint.py::test_linear_exact_with_bias
tests/test_odeint.py::test_linear_exact_matches_rk4
tests/test_odeint.py::test_linear_exact_requires_linear_drift
tests/test_odeint.py::test_sdeint_scalar[euler_maruyama]
tests/test_odeint.py::test_sdeint_scalar[exp_euler_maruyama]
tests/test_odeint.py::test_sdeint_scalar[linear_exact_sde]
tests/test_odeint.py::test_sdeint_scalar[milstein]
tests/test_odeint.py::test_sdeint_scalar[sri1]
tests/test_odeint.py::test_sdeint_scalar[sri2]
tests/test_odeint.py::test_sdeint_split_drift[euler_maruyama]
tests/test_odeint.py::test_sdeint_split_drift[exp_euler_maruyama]
tests/test_odeint.py::test_sdeint_split_drift[linear_exact_sde]
tests/test_odeint.py::test_sdeint_split_drift[milstein]
tests/test_odeint.py::test_sdeint_split_drift[sri1]
tests/test_odeint.py::test_sdeint_split_drift[sri2]
tests/test_odeint.py::test_sdeint_collect_trace_false[euler_maruyama]
tests/test_odeint.py::test_sdeint_collect_trace_false[exp_euler_maruyama]
tests/test_odeint.py::test_sdeint_collect_trace_false[linear_exact_sde]
tests/test_odeint.py::test_sdeint_collect_trace_false[milstein]
tests/test_odeint.py::test_sdeint_collect_trace_false[sri1]
tests/test_odeint.py::test_sdeint_collect_trace_false[sri2]
tests/test_odeint.py::test_sdeint_return_brownian_requires_trace
tests/test_odeint.py::test_sdeint_2d[euler_maruyama]
tests/test_odeint.py::test_sdeint_2d[exp_euler_maruyama]
tests/test_odeint.py::test_sdeint_2d[linear_exact_sde]
tests/test_odeint.py::test_sdeint_2d[milstein]
tests/test_odeint.py::test_sdeint_2d[sri1]
tests/test_odeint.py::test_sdeint_2d[sri2]
tests/test_odeint.py::test_sdeint_supports_args[euler_maruyama]
tests/test_odeint.py::test_sdeint_supports_args[exp_euler_maruyama]
tests/test_odeint.py::test_sdeint_supports_args[linear_exact_sde]
tests/test_odeint.py::test_sdeint_supports_args[milstein]
tests/test_odeint.py::test_sdeint_supports_args[sri1]
tests/test_odeint.py::test_sdeint_supports_args[sri2]
tests/test_odeint.py::test_sdeint_split_drift_supports_args[euler_maruyama]
tests/test_odeint.py::test_sdeint_split_drift_supports_args[exp_euler_maruyama]
tests/test_odeint.py::test_sdeint_split_drift_supports_args[linear_exact_sde]
tests/test_odeint.py::test_sdeint_split_drift_supports_args[milstein]
tests/test_odeint.py::test_sdeint_split_drift_supports_args[sri1]
tests/test_odeint.py::test_sdeint_split_drift_supports_args[sri2]
tests/test_odeint.py::test_exp_euler_maruyama_weights_diffusion_with_linear_coeff
tests/test_odeint.py::test_sdeint_rectangular_diffusion_is_supported[euler_maruyama]
tests/test_odeint.py::test_sdeint_rectangular_diffusion_is_supported[exp_euler_maruyama]
tests/test_odeint.py::test_sdeint_rectangular_diffusion_is_supported[linear_exact_sde]
tests/test_odeint.py::test_sdeint_rectangular_diffusion_is_supported[milstein]
tests/test_odeint.py::test_sdeint_rectangular_diffusion_is_supported[sri1]
tests/test_odeint.py::test_sdeint_rectangular_diffusion_is_supported[sri2]
tests/test_odeint.py::test_linear_exact_sde_scalar
tests/test_odeint.py::test_linear_exact_sde_dense
tests/test_odeint.py::test_linear_exact_sde_mean_matches_analytical
tests/test_odeint.py::test_linear_exact_sde_matches_euler_maruyama
tests/test_odeint.py::test_linear_exact_sde_requires_markers
tests/test_odeint.py::test_linear_exact_sde_supports_linear_drift_bind_args
tests/test_odeint.py::test_odeint_with_equinox_neural_drift
tests/test_odeint.py::test_odeint_plain_closure_captures_are_constant_only
tests/test_odeint.py::test_odeint_with_partial_drift
tests/test_odeint.py::test_odeint_with_pytree_dataclass_drift
tests/test_odeint.py::test_odeint_traced_args_under_outer_jit
tests/test_odeint.py::test_odeint_inverse_still_works_with_neural_drift
tests/test_optional_dependencies.py::test_require_ott_has_actionable_error
tests/test_pallas_kernel_utils.py::test_pallas_call_compat_omits_backend_when_unsupported
tests/test_pallas_kernel_utils.py::test_pallas_call_compat_passes_backend_when_supported
tests/test_pallas_kernel_utils.py::test_pallas_call_compat_preserves_existing_compiler_params
tests/test_pallas_kernel_utils.py::test_get_first_available_attr_prefers_new_compiler_params_name
tests/test_pallas_kernel_utils.py::test_get_first_available_attr_falls_back_to_legacy_name
tests/test_pallas_kernel_utils.py::test_def_partition_compat_omits_replication_factors_when_unsupported
tests/test_pallas_kernel_utils.py::test_def_partition_compat_passes_replication_factors_when_supported
tests/test_pallas_kernel_utils.py::test_mamba_backend_prefers_triton_without_unsafe_mosaic_opt_in
tests/test_pallas_kernel_utils.py::test_mamba_backend_allows_mosaic_with_unsafe_opt_in
tests/test_pallas_kernel_utils.py::test_ssd_backend_prefers_triton_without_unsafe_mosaic_opt_in
tests/test_pallas_kernel_utils.py::test_ssd_backend_allows_mosaic_with_unsafe_opt_in
tests/test_pallas_references.py::test_mha_forward_matches_reference
tests/test_pallas_references.py::test_mha_grad_matches_reference
tests/test_pallas_references.py::test_mha_jvp_matches_reference
tests/test_pallas_references.py::test_mha_vmap_matches_reference
tests/test_pallas_references.py::test_kernel_mv_matches_reference
tests/test_pallas_references.py::test_ssd_matches_reference_gpu
tests/test_pallas_references.py::test_mamba_matches_reference_gpu
tests/test_pallas_references.py::test_ssd_jvp_matches_reference_gpu
tests/test_pallas_references.py::test_flash3_public_forward_fallback[False]
tests/test_pallas_references.py::test_flash3_public_forward_fallback[True]
tests/test_pallas_references.py::test_flash3_public_backward_fallback
tests/test_pallas_references.py::test_multitile_attention_jvp_with_bias_mask_dropout[0.0-False]
tests/test_pallas_references.py::test_multitile_attention_jvp_with_bias_mask_dropout[0.0-True]
tests/test_pallas_references.py::test_multitile_attention_jvp_with_bias_mask_dropout[0.2-False]
tests/test_pallas_references.py::test_multitile_attention_jvp_with_bias_mask_dropout[0.2-True]
tests/test_propagation_recovery.py::test_recovery_requeues_neighbors_and_preserves_namespaced_state
tests/test_propagation_recovery.py::test_no_progress_terminates
tests/test_propagation_recovery.py::test_consumed_equations_do_not_run_after_recovery
tests/test_propagation_recovery.py::test_recovery_rejects_incomplete_values[None]
tests/test_propagation_recovery.py::test_recovery_rejects_incomplete_values[bad_value1]
tests/test_propagation_recovery.py::test_recovery_cannot_overwrite_authoritative_values
tests/test_propagation_recovery.py::test_unresolved_nested_output_does_not_become_complete
tests/test_rattention.py::test_group_rms_norm_normalizes_each_head
tests/test_rattention.py::test_rattention_variants_forward_and_grad[kwargs0]
tests/test_rattention.py::test_rattention_variants_forward_and_grad[kwargs1]
tests/test_rattention.py::test_rattention_variants_forward_and_grad[kwargs2]
tests/test_rattention.py::test_rattention_variants_forward_and_grad[kwargs3]
tests/test_rattention.py::test_rattention_variants_forward_and_grad[kwargs4]
tests/test_rattention.py::test_rattention_uses_pallas_interpreter
tests/test_rattention.py::test_rattention_supports_grouped_query_attention
tests/test_rattention.py::test_transformer_accepts_rattention_as_mha_class
tests/test_rattention_kernels.py::test_right_shift_and_zero_pad
tests/test_rattention_kernels.py::test_pallas_interpreter_matches_scan[1-FeatureMap.SOFTMAX]
tests/test_rattention_kernels.py::test_pallas_interpreter_matches_scan[1-FeatureMap.RELU]
tests/test_rattention_kernels.py::test_pallas_interpreter_matches_scan[2-FeatureMap.SOFTMAX]
tests/test_rattention_kernels.py::test_pallas_interpreter_matches_scan[2-FeatureMap.RELU]
tests/test_rattention_kernels.py::test_pallas_interpreter_gradient_matches_scan[FeatureMap.SOFTMAX]
tests/test_rattention_kernels.py::test_pallas_interpreter_gradient_matches_scan[FeatureMap.RELU]
tests/test_reaudit_fixes.py::test_logdet_gradient_scaled_identity
tests/test_reaudit_fixes.py::test_genpareto_explicit_shape_parameter_sampling
tests/test_reaudit_fixes.py::test_truncnorm_small_positive_quantile
tests/test_reaudit_fixes.py::test_truncnorm_quantile_second_derivative
tests/test_reaudit_fixes.py::test_truncnorm_one_sided_tail_variance
tests/test_reaudit_fixes.py::test_pcg_small_representable_rhs
tests/test_reaudit_fixes.py::test_optional_rng_plain_function
tests/test_reaudit_fixes.py::test_forwarding_constructor_kwargs
tests/test_reaudit_fixes.py::test_genpareto_negative_shape_mode
tests/test_reaudit_fixes.py::test_logdet_repeated_spectrum_gradients[False-1]
tests/test_reaudit_fixes.py::test_logdet_repeated_spectrum_gradients[False-3]
tests/test_reaudit_fixes.py::test_logdet_repeated_spectrum_gradients[False-20]
tests/test_reaudit_fixes.py::test_logdet_repeated_spectrum_gradients[True-1]
tests/test_reaudit_fixes.py::test_logdet_repeated_spectrum_gradients[True-3]
tests/test_reaudit_fixes.py::test_logdet_repeated_spectrum_gradients[True-20]
tests/test_reaudit_fixes.py::test_logdet_dense_gradient_and_truncated_directional_derivative
tests/test_reaudit_fixes.py::test_truncnorm_three_quantile_derivatives[bounds0-0.1]
tests/test_reaudit_fixes.py::test_truncnorm_three_quantile_derivatives[bounds0-0.7]
tests/test_reaudit_fixes.py::test_truncnorm_three_quantile_derivatives[bounds1-0.1]
tests/test_reaudit_fixes.py::test_truncnorm_three_quantile_derivatives[bounds1-0.7]
tests/test_reaudit_fixes.py::test_truncnorm_three_quantile_derivatives[bounds2-0.1]
tests/test_reaudit_fixes.py::test_truncnorm_three_quantile_derivatives[bounds2-0.7]
tests/test_reaudit_fixes.py::test_truncnorm_tiny_probabilities_are_in_support[bounds0-ppf]
tests/test_reaudit_fixes.py::test_truncnorm_tiny_probabilities_are_in_support[bounds0-isf]
tests/test_reaudit_fixes.py::test_truncnorm_tiny_probabilities_are_in_support[bounds1-ppf]
tests/test_reaudit_fixes.py::test_truncnorm_tiny_probabilities_are_in_support[bounds1-isf]
tests/test_reaudit_fixes.py::test_tail_variance_both_sides[-1-5.0]
tests/test_reaudit_fixes.py::test_tail_variance_both_sides[-1-8.0]
tests/test_reaudit_fixes.py::test_tail_variance_both_sides[-1-20.0]
tests/test_reaudit_fixes.py::test_tail_variance_both_sides[-1-50.0]
tests/test_reaudit_fixes.py::test_tail_variance_both_sides[1-5.0]
tests/test_reaudit_fixes.py::test_tail_variance_both_sides[1-8.0]
tests/test_reaudit_fixes.py::test_tail_variance_both_sides[1-20.0]
tests/test_reaudit_fixes.py::test_tail_variance_both_sides[1-50.0]
tests/test_reaudit_fixes.py::test_pcg_mixed_rhs_scales_and_initial_guess
tests/test_reaudit_fixes.py::test_genpareto_sampling_variants
tests/test_reaudit_fixes.py::test_optional_rng_distinct_functions_and_partials
tests/test_reaudit_fixes.py::test_custom_mlp_receives_forwarded_metadata
tests/test_reaudit_fixes.py::test_pcg_zero_rhs_absolute_diagnostics[5e-05-True]
tests/test_reaudit_fixes.py::test_pcg_zero_rhs_absolute_diagnostics[1e+20-False]
tests/test_reaudit_fixes.py::test_filter_matrix_free_solve_and_logdet_gradient
tests/test_rv_primitive.py::test_bind[test_case0]
tests/test_rv_primitive.py::test_bind[test_case1]
tests/test_rv_primitive.py::test_bind[test_case2]
tests/test_rv_primitive.py::test_bind[test_case3]
tests/test_rv_primitive.py::test_bind[test_case4]
tests/test_rv_primitive.py::test_jaxpr[test_case0]
tests/test_rv_primitive.py::test_jaxpr[test_case1]
tests/test_rv_primitive.py::test_jaxpr[test_case2]
tests/test_rv_primitive.py::test_jaxpr[test_case3]
tests/test_rv_primitive.py::test_jaxpr[test_case4]
tests/test_rv_primitive.py::test_jit[test_case0]
tests/test_rv_primitive.py::test_jit[test_case1]
tests/test_rv_primitive.py::test_jit[test_case2]
tests/test_rv_primitive.py::test_jit[test_case3]
tests/test_rv_primitive.py::test_jit[test_case4]
tests/test_rv_primitive.py::test_vmap[test_case0]
tests/test_rv_primitive.py::test_vmap[test_case1]
tests/test_rv_primitive.py::test_vmap[test_case2]
tests/test_rv_primitive.py::test_vmap[test_case3]
tests/test_rv_primitive.py::test_vmap[test_case4]
tests/test_rv_primitive.py::test_jit_vmap[test_case0]
tests/test_rv_primitive.py::test_jit_vmap[test_case1]
tests/test_rv_primitive.py::test_jit_vmap[test_case2]
tests/test_rv_primitive.py::test_jit_vmap[test_case3]
tests/test_rv_primitive.py::test_jit_vmap[test_case4]
tests/test_rv_primitive.py::test_selected_runtime_primitive_is_call_variant
tests/test_rv_primitive.py::test_grad[test_case0]
tests/test_rv_primitive.py::test_grad[test_case1]
tests/test_rv_primitive.py::test_grad[test_case2]
tests/test_rv_primitive.py::test_scan[test_case0]
tests/test_rv_primitive.py::test_scan[test_case1]
tests/test_rv_primitive.py::test_scan[test_case2]
tests/test_rv_primitive.py::test_scan[test_case3]
tests/test_rv_primitive.py::test_scan[test_case4]
tests/test_rv_tracing_gate.py::test_flag_defaults_off
tests/test_rv_tracing_gate.py::test_raw_jaxpr_has_no_sites_by_default
tests/test_rv_tracing_gate.py::test_raw_jaxpr_has_sites_under_context
tests/test_rv_tracing_gate.py::test_jit_vmap_scan_grad_values_without_tracing
tests/test_rv_tracing_gate.py::test_array_kwargs_pass_through_without_tracing
tests/test_rv_tracing_gate.py::test_joint_sample_sees_sites[dist]
tests/test_rv_tracing_gate.py::test_joint_sample_sees_sites[direct]
tests/test_rv_tracing_gate.py::test_trace_sees_sites[dist]
tests/test_rv_tracing_gate.py::test_trace_sees_sites[direct]
tests/test_rv_tracing_gate.py::test_log_joint_is_finite[dist]
tests/test_rv_tracing_gate.py::test_log_joint_is_finite[direct]
tests/test_rv_tracing_gate.py::test_intervene_and_do_override[dist]
tests/test_rv_tracing_gate.py::test_intervene_and_do_override[direct]
tests/test_rv_tracing_gate.py::test_condition_and_observe_fix_value[dist]
tests/test_rv_tracing_gate.py::test_condition_and_observe_fix_value[direct]
tests/test_rv_tracing_gate.py::test_substitute_replay_counts_site[dist]
tests/test_rv_tracing_gate.py::test_substitute_replay_counts_site[direct]
tests/test_rv_tracing_gate.py::test_higher_order_dists_sample_eagerly[transformed]
tests/test_rv_tracing_gate.py::test_higher_order_dists_sample_eagerly[mixture]
tests/test_rv_tracing_gate.py::test_higher_order_dists_sample_eagerly[indep]
tests/test_rv_tracing_gate.py::test_context_nests_and_unwinds_on_exception
tests/test_rv_tracing_gate.py::test_context_is_thread_local
tests/test_rv_tracing_gate.py::test_env_var_escape_hatch
tests/test_smc_extensions.py::test_batching_matches_upstream_and_full_population
tests/test_smc_extensions.py::test_adaptive_path_guard
tests/test_smc_extensions.py::test_persistent_likelihoods_are_bound_to_instances
tests/test_smc_extensions.py::test_waste_free_is_upstream_strategy_and_preserves_population_size
tests/test_smc_extensions.py::test_runner_evidence_without_history_and_chunk_continuation
tests/test_smc_extensions.py::test_adaptive_runner_reaches_target_and_reports_cap
tests/test_smc_extensions.py::test_tuned_wrapper_matches_blackjax
tests/test_smc_extensions.py::test_pretuning_reuses_blackjax_pilot
tests/test_smc_extensions.py::test_tempered_observation_bridge_reaches_endpoint[gaussian_backend]
tests/test_smc_extensions.py::test_tempered_observation_bridge_reaches_endpoint[pf_backend]
tests/test_smc_extensions.py::test_tempering_without_moves_preserves_endpoint_importance_weights
tests/test_smc_extensions.py::test_tempering_cap_is_atomic
tests/test_smc_extensions.py::test_exact_temporal_hmc_and_rejection_of_noisy_gradient_moves
tests/test_smc_extensions.py::test_streaming_window_survives_chunks_and_reports_padding
tests/test_smc_extensions.py::test_joint_sampler_matches_gaussian_conditional_moments
tests/test_smc_extensions.py::test_diagnostics_distinguish_uniform_duplicates_and_noise
tests/test_smc_extensions.py::test_particle_count_exchange_uses_importance_correction
tests/test_smc_extensions.py::test_extended_tempering_preserves_discrete_parameter_and_auxiliary_targets
tests/test_smc_extensions.py::test_adaptive_move_count_is_bounded_and_persists
tests/test_smc_extensions.py::test_waste_free_preset_runs_adaptively
tests/test_special.py::test_betaincinv[6.176393207209063-5.908768525205607]
tests/test_special.py::test_betaincinv[6.120996017651942-5.743295055970903]
tests/test_special.py::test_betaincinv[6.169378275347881-6.53204287848935]
tests/test_special.py::test_betaincinv[9.43748641033839-6.521067489689889]
tests/test_special.py::test_betaincinv[6.818234809004924-4.314241212496196]
tests/test_special.py::test_betaincinv[3.595143054947803-8.965476303851045]
tests/test_special.py::test_betaincinv[4.370375834798034-3.675681944291961]
tests/test_special.py::test_betaincinv[6.976342196153055-4.3587056661637416]
tests/test_special.py::test_betaincinv[0.6023486937455355-8.919244357821219]
tests/test_special.py::test_betaincinv[6.667700477785132-8.061959271061953]
tests/test_special.py::test_betaincinv[6.706411632394632-7.038915446545309]
tests/test_special.py::test_betaincinv[2.103904572482302-1.00235885043428]
tests/test_special.py::test_betaincinv[1.2893500839187675-9.19483418918536]
tests/test_special.py::test_betaincinv[3.1543519664067463-7.142441571361159]
tests/test_special.py::test_betaincinv[3.637171338349132-9.988470180978009]
tests/test_special.py::test_betaincinv[5.702010684501754-1.4945681017494716]
tests/test_special.py::test_betaincinv[4.386071274471857-8.681273761076406]
tests/test_special.py::test_betaincinv[9.883739543208456-1.6250130974702806]
tests/test_special.py::test_betaincinv[1.0205379029992059-6.155634086882014]
tests/test_special.py::test_betaincinv[2.0888466732727378-1.2382874464961302]
tests/test_special.py::test_betaincinv[1.613179047898174-8.480097492399413]
tests/test_special.py::test_betaincinv[6.531117943821438-8.073208855354235]
tests/test_special.py::test_betaincinv[2.5329906962375675-5.691050476072071]
tests/test_special.py::test_betaincinv[4.663161097485777-4.071892253930274]
tests/test_special.py::test_betaincinv[2.4443314774568274-0.691763037851835]
tests/test_special.py::test_betaincinv[1.5897799394968326-6.9743179885683215]
tests/test_special.py::test_betaincinv[1.1038403741289349-4.53548147251242]
tests/test_special.py::test_betaincinv[6.563330261693787-7.220583789143532]
tests/test_special.py::test_betaincinv[1.3819156951910032-8.663836621053699]
tests/test_special.py::test_betaincinv[1.965903958564367-9.755217497878357]
tests/test_special.py::test_betaincinv[3.687314834092575-8.55804784359187]
tests/test_special.py::test_betaincinv[8.209950199156367-0.11723967044160122]
tests/test_special.py::test_betaincinv[0.9711030478030334-3.5998446469771914]
tests/test_special.py::test_betaincinv[8.37946528049729-7.299932625184338]
tests/test_special.py::test_betaincinv[0.9610744690988413-1.716379609646679]
tests/test_special.py::test_betaincinv[9.764597004187456-5.210413958380673]
tests/test_special.py::test_betaincinv[4.6865651513568505-0.5434744495937024]
tests/test_special.py::test_betaincinv[9.767613205794552-2.000045249311511]
tests/test_special.py::test_betaincinv[6.048494712898485-0.18531609242669364]
tests/test_special.py::test_betaincinv[7.392661867625077-7.93699766380387]
tests/test_special.py::test_betaincinv[0.39197400376398134-2.2393244881349954]
tests/test_special.py::test_betaincinv[2.8281413450678383-3.4535822718009577]
tests/test_special.py::test_betaincinv[1.2020535924755678-9.280820126526562]
tests/test_special.py::test_betaincinv[2.9614723612016975-7.044173577795135]
tests/test_special.py::test_betaincinv[1.1873653167705451-0.31848611142012534]
tests/test_special.py::test_betaincinv[3.1798999956218212-1.6470250955634778]
tests/test_special.py::test_betaincinv[4.142688518847248-6.214821867157485]
tests/test_special.py::test_betaincinv[0.6415685487382088-5.772328163182816]
tests/test_special.py::test_betaincinv[6.924751946488262-2.379004424462949]
tests/test_special.py::test_betaincinv[5.666057881920331-9.342146557848146]
tests/test_special.py::test_betaincinv[2.6539683704453605-6.139698163063363]
tests/test_special.py::test_betaincinv[5.23252820986165-5.356374466969281]
tests/test_special.py::test_betaincinv[0.9394957135333409-5.8991407725480745]
tests/test_special.py::test_betaincinv[5.759507360912237-7.301247282964745]
tests/test_special.py::test_betaincinv[9.292969046142384-3.119518760296471]
tests/test_special.py::test_betaincinv[3.1857576676179917-3.9822708000546974]
tests/test_special.py::test_betaincinv[6.67413705859882-2.0985165053763244]
tests/test_special.py::test_betaincinv[1.3180654442576814-1.8620114395027736]
tests/test_special.py::test_betaincinv[7.163300408465243-9.443729462600338]
tests/test_special.py::test_betaincinv[2.8941319888627164-7.395533995413371]
tests/test_special.py::test_betaincinv[1.8319953009349677-4.904639040294809]
tests/test_special.py::test_betaincinv[5.8651706968073505-2.2742235382704354]
tests/test_special.py::test_betaincinv[0.20117345112031676-2.5436393820557526]
tests/test_special.py::test_betaincinv[8.289417398170709-0.5803858003227238]
tests/test_special.py::test_betaincinv[0.04705429237785141-4.344222813918652]
tests/test_special.py::test_betaincinv[6.778197586308622-3.1180276403528264]
tests/test_special.py::test_betaincinv[2.7001527311243296-6.963465253805714]
tests/test_special.py::test_betaincinv[7.351966701823737-3.77758061774088]
tests/test_special.py::test_betaincinv[9.621889232319871-1.796118815228592]
tests/test_special.py::test_betaincinv[2.4876065598852284-0.24688481604047313]
tests/test_special.py::test_betaincinv[5.761615728444927-0.6725895896693395]
tests/test_special.py::test_betaincinv[5.920460108525263-6.793959795708323]
tests/test_special.py::test_betaincinv[5.722561832718155-4.5370230758759975]
tests/test_special.py::test_betaincinv[2.2308940182429193-5.365838453166111]
tests/test_special.py::test_betaincinv[9.527494840268698-8.966723263274117]
tests/test_special.py::test_betaincinv[4.471309073638412-9.903390440072304]
tests/test_special.py::test_betaincinv[8.46410208384403-2.1690481542863]
tests/test_special.py::test_betaincinv[6.994822805247511-6.630815723180698]
tests/test_special.py::test_betaincinv[2.9744397648562515-2.633297435133833]
tests/test_special.py::test_betaincinv[8.137996817242803-0.20660792955734023]
tests/test_special.py::test_betaincinv[3.965117757895762-7.583810700496031]
tests/test_special.py::test_betaincinv[8.811043860791905-3.2002395065095963]
tests/test_special.py::test_betaincinv[5.812770599071324-3.8347005953295628]
tests/test_special.py::test_betaincinv[8.817365445012342-5.883212303824702]
tests/test_special.py::test_betaincinv[6.925346647618651-8.31050144751638]
tests/test_special.py::test_betaincinv[7.252570272768423-6.289855537727128]
tests/test_special.py::test_betaincinv[5.013293686828829-8.726519289408408]
tests/test_special.py::test_betaincinv[9.560840738868766-2.7354929939528763]
tests/test_special.py::test_betaincinv[6.439937593276451-7.980488534442245]
tests/test_special.py::test_betaincinv[4.238608100076941-1.8564408794650915]
tests/test_special.py::test_betaincinv[6.06397150195783-9.52792129055375]
tests/test_special.py::test_betaincinv[0.19203006377350432-6.874914015050514]
tests/test_special.py::test_betaincinv[3.015818009263826-2.1551552203678734]
tests/test_special.py::test_betaincinv[6.601769357573101-9.473711167830194]
tests/test_special.py::test_betaincinv[2.90084706434372-7.308584982120901]
tests/test_special.py::test_betaincinv[6.180192488445515-2.539491031785999]
tests/test_special.py::test_betaincinv[4.287744132587567-2.133198442477083]
tests/test_special.py::test_betaincinv[1.35482709481808-5.182055319235239]
tests/test_special.py::test_betaincinv[2.9828934313277125-0.2567246142735103]
tests/test_special.py::test_betaincinv[5.699692110521578-2.0747800074035503]
tests/test_special.py::test_gammaincinv[8.494284689561372]
tests/test_special.py::test_gammaincinv[7.484025436704177]
tests/test_special.py::test_gammaincinv[9.272044911871848]
tests/test_special.py::test_gammaincinv[5.553296497188343]
tests/test_special.py::test_gammaincinv[11.736100144816916]
tests/test_special.py::test_gammaincinv[17.277248262858706]
tests/test_special.py::test_gammaincinv[2.3515195873846992]
tests/test_special.py::test_gammaincinv[10.348064763975128]
tests/test_special.py::test_gammaincinv[2.642230058796721]
tests/test_special.py::test_gammaincinv[14.33747676417068]
tests/test_special.py::test_gammaincinv[7.921797996443067]
tests/test_special.py::test_gammaincinv[11.308860815858319]
tests/test_special.py::test_gammaincinv[3.6664134444453578]
tests/test_special.py::test_gammaincinv[2.897810339108201]
tests/test_special.py::test_gammaincinv[9.76163755669844]
tests/test_special.py::test_gammaincinv[7.112899144261262]
tests/test_special.py::test_gammaincinv[18.808698473111008]
tests/test_special.py::test_gammaincinv[15.306739750885496]
tests/test_special.py::test_gammaincinv[14.973523733391094]
tests/test_special.py::test_gammaincinv[18.074491075178923]
tests/test_special.py::test_gammaincinv[1.6693652864049289]
tests/test_special.py::test_gammaincinv[11.044297205978207]
tests/test_special.py::test_gammaincinv[11.689936903046421]
tests/test_special.py::test_gammaincinv[19.238765634566033]
tests/test_special.py::test_gammaincinv[5.843658388324185]
tests/test_special.py::test_gammaincinv[4.817334769529021]
tests/test_special.py::test_gammaincinv[2.006778551367691]
tests/test_special.py::test_gammaincinv[0.3295761621998926]
tests/test_special.py::test_gammaincinv[18.59065680652702]
tests/test_special.py::test_gammaincinv[13.398661015271609]
tests/test_special.py::test_gammaincinv[15.70327308755073]
tests/test_special.py::test_gammaincinv[5.635320384973228]
tests/test_special.py::test_gammaincinv[11.728616913560346]
tests/test_special.py::test_gammaincinv[1.2800413671535014]
tests/test_special.py::test_gammaincinv[9.713066291096522]
tests/test_special.py::test_gammaincinv[19.54992529974919]
tests/test_special.py::test_gammaincinv[17.5302284010865]
tests/test_special.py::test_gammaincinv[6.763840877785076]
tests/test_special.py::test_gammaincinv[19.23144152067543]
tests/test_special.py::test_gammaincinv[4.634800827797619]
tests/test_special.py::test_gammaincinv[18.98642712949121]
tests/test_special.py::test_gammaincinv[18.827612716425264]
tests/test_special.py::test_gammaincinv[15.98425254446048]
tests/test_special.py::test_gammaincinv[12.609328289398954]
tests/test_special.py::test_gammaincinv[17.485885044532317]
tests/test_special.py::test_gammaincinv[5.861112669871426]
tests/test_special.py::test_gammaincinv[16.97902216270305]
tests/test_special.py::test_gammaincinv[12.357915961658557]
tests/test_special.py::test_gammaincinv[0.2657239183202309]
tests/test_special.py::test_gammaincinv[6.945323125126459]
tests/test_special.py::test_gammaincinv[2.963669078102352]
tests/test_special.py::test_gammaincinv[19.636605966975246]
tests/test_special.py::test_gammaincinv[9.56792777049272]
tests/test_special.py::test_gammaincinv[9.948329918607755]
tests/test_special.py::test_gammaincinv[12.789810855458072]
tests/test_special.py::test_gammaincinv[7.372323537986221]
tests/test_special.py::test_gammaincinv[2.738868533440293]
tests/test_special.py::test_gammaincinv[16.442532546151718]
tests/test_special.py::test_gammaincinv[3.797768390143256]
tests/test_special.py::test_gammaincinv[10.226868331946573]
tests/test_special.py::test_gammaincinv[4.48711626246581]
tests/test_special.py::test_gammaincinv[1.9577918453961867]
tests/test_special.py::test_gammaincinv[17.243968156916246]
tests/test_special.py::test_gammaincinv[19.458416860973582]
tests/test_special.py::test_gammaincinv[19.21673232660194]
tests/test_special.py::test_gammaincinv[18.13120342892436]
tests/test_special.py::test_gammaincinv[15.481172606640076]
tests/test_special.py::test_gammaincinv[6.663569895420809]
tests/test_special.py::test_gammaincinv[1.622946698369947]
tests/test_special.py::test_gammaincinv[8.145416187104733]
tests/test_special.py::test_gammaincinv[4.645450609276684]
tests/test_special.py::test_gammaincinv[2.6506202075249012]
tests/test_special.py::test_gammaincinv[1.0694902085547182]
tests/test_special.py::test_gammaincinv[14.512161689847364]
tests/test_special.py::test_gammaincinv[0.22953774504199553]
tests/test_special.py::test_gammaincinv[15.41184438930702]
tests/test_special.py::test_gammaincinv[2.9397859613621002]
tests/test_special.py::test_gammaincinv[1.591362129652528]
tests/test_special.py::test_gammaincinv[1.7929710817378688]
tests/test_special.py::test_gammaincinv[13.441284099270934]
tests/test_special.py::test_gammaincinv[4.9080988298470425]
tests/test_special.py::test_gammaincinv[8.411368794135289]
tests/test_special.py::test_gammaincinv[11.147818457687013]
tests/test_special.py::test_gammaincinv[17.211162925402046]
tests/test_special.py::test_gammaincinv[14.541158209963852]
tests/test_special.py::test_gammaincinv[5.407287776869054]
tests/test_special.py::test_gammaincinv[2.6305245030232607]
tests/test_special.py::test_gammaincinv[1.1084310341035375]
tests/test_special.py::test_gammaincinv[6.032671090984369]
tests/test_special.py::test_gammaincinv[5.243100866644325]
tests/test_special.py::test_gammaincinv[9.123355195442791]
tests/test_special.py::test_gammaincinv[13.66594342961806]
tests/test_special.py::test_gammaincinv[13.912813287331504]
tests/test_special.py::test_gammaincinv[5.6710934127967505]
tests/test_special.py::test_gammaincinv[7.5991591910465095]
tests/test_special.py::test_gammaincinv[3.6238380837763233]
tests/test_special.py::test_gammaincinv[15.771121700618066]
tests/test_special.py::test_gammaincinv[1.1379046805883726]
tests/test_special.py::test_gammaincinv[13.94024783725802]
tests/test_special.py::test_gammaincinv[15.574129223426125]
tests/test_special.py::test_differential_entropy[1001-dist0]
tests/test_special.py::test_differential_entropy[1001-dist1]
tests/test_special.py::test_differential_entropy[1001-dist2]
tests/test_special.py::test_differential_entropy[1001-dist3]
tests/test_special.py::test_differential_entropy[5000-dist0]
tests/test_special.py::test_differential_entropy[5000-dist1]
tests/test_special.py::test_differential_entropy[5000-dist2]
tests/test_special.py::test_differential_entropy[5000-dist3]
tests/test_special.py::test_differential_entropy[10000-dist0]
tests/test_special.py::test_differential_entropy[10000-dist1]
tests/test_special.py::test_differential_entropy[10000-dist2]
tests/test_special.py::test_differential_entropy[10000-dist3]
tests/test_special.py::test_digammainv
tests/test_special.py::test_mle_dirichlet[alpha0]
tests/test_special.py::test_mle_dirichlet[alpha1]
tests/test_special.py::test_mle_dirichlet[alpha2]
tests/test_ssd_ad.py::test_jvp_composite_matches_reference
tests/test_ssd_ad.py::test_transpose_is_adjoint_of_jvp
tests/test_ssd_ad.py::test_reverse_mode_stages_single_fused_backward
tests/test_ssd_ad.py::test_forward_mode_stages_jvp_primitive
tests/test_ssd_ad.py::test_value_and_grad_stages_no_extra_forwards
tests/test_stats_distributions.py::test_distribution_fit_estimators[norm]
tests/test_stats_distributions.py::test_distribution_fit_estimators[expon]
tests/test_stats_distributions.py::test_distribution_fit_estimators[gamma]
tests/test_stats_distributions.py::test_distribution_fit_estimators[cauchy]
tests/test_stats_distributions.py::test_distribution_fit_estimators[dirichlet]
tests/test_stats_distributions.py::test_distribution_fit_estimators[multivariate_normal]
tests/test_stats_distributions.py::test_distribution_fit_estimators[bernoulli]
tests/test_stats_distributions.py::test_distribution_fit_estimators[binomial]
tests/test_stats_distributions.py::test_distribution_fit_estimators[poisson]
tests/test_stats_distributions.py::test_distribution_fit_estimators[geometric]
tests/test_stats_distributions.py::test_distribution_fit_estimators[categorical]
tests/test_stats_distributions.py::test_distribution_class_attributes[norm]
tests/test_stats_distributions.py::test_distribution_class_attributes[gamma]
tests/test_stats_distributions.py::test_distribution_class_attributes[beta]
tests/test_stats_distributions.py::test_distribution_class_attributes[expon]
tests/test_stats_distributions.py::test_distribution_class_attributes[laplace]
tests/test_stats_distributions.py::test_distribution_class_attributes[uniform]
tests/test_stats_distributions.py::test_distribution_class_attributes[chi2]
tests/test_stats_distributions.py::test_distribution_class_attributes[t]
tests/test_stats_distributions.py::test_distribution_class_attributes[cauchy]
tests/test_stats_distributions.py::test_distribution_class_attributes[dirichlet]
tests/test_stats_distributions.py::test_distribution_class_attributes[multivariate_normal]
tests/test_stats_distributions.py::test_distribution_class_attributes[bernoulli]
tests/test_stats_distributions.py::test_distribution_class_attributes[binomial]
tests/test_stats_distributions.py::test_distribution_class_attributes[categorical]
tests/test_stats_distributions.py::test_distribution_class_attributes[poisson]
tests/test_stats_distributions.py::test_distribution_class_attributes[geometric]
tests/test_stats_distributions.py::test_distribution_class_attributes[dirac]
tests/test_stats_distributions.py::test_distribution_class_attributes[indep]
tests/test_stats_distributions.py::test_distribution_class_attributes[transformed]
tests/test_stats_distributions.py::test_distribution_class_attributes[mixture]
tests/test_stats_distributions.py::test_frozen_init_rejects_invalid_arguments
tests/test_stats_distributions.py::test_constraint_bijections_round_trip
tests/test_stats_distributions.py::test_frozen_parameter_round_trip
tests/test_stats_distributions.py::test_nested_mixture_parameter_round_trip
tests/test_stats_distributions.py::test_fit_params_names_analytic_fit_results
tests/test_stats_distributions.py::test_frozen_init_rejects_invalid_special_distribution_keywords
tests/test_stats_distributions.py::test_transformed_accepts_inverse_and_logdet_frozen_keyword
tests/test_stats_distributions.py::test_base_distribution[norm]
tests/test_stats_distributions.py::test_base_distribution[gamma]
tests/test_stats_distributions.py::test_base_distribution[beta]
tests/test_stats_distributions.py::test_base_distribution[expon]
tests/test_stats_distributions.py::test_base_distribution[laplace]
tests/test_stats_distributions.py::test_base_distribution[uniform]
tests/test_stats_distributions.py::test_base_distribution[chi2]
tests/test_stats_distributions.py::test_base_distribution[t]
tests/test_stats_distributions.py::test_base_distribution[cauchy]
tests/test_stats_distributions.py::test_base_distribution[dirichlet]
tests/test_stats_distributions.py::test_base_distribution[multivariate_normal]
tests/test_stats_distributions.py::test_base_distribution[bernoulli]
tests/test_stats_distributions.py::test_base_distribution[binomial]
tests/test_stats_distributions.py::test_base_distribution[categorical]
tests/test_stats_distributions.py::test_base_distribution[poisson]
tests/test_stats_distributions.py::test_base_distribution[geometric]
tests/test_stats_distributions.py::test_base_distribution[dirac]
tests/test_stats_distributions.py::test_independent_distribution[norm]
tests/test_stats_distributions.py::test_independent_distribution[gamma]
tests/test_stats_distributions.py::test_independent_distribution[beta]
tests/test_stats_distributions.py::test_independent_distribution[expon]
tests/test_stats_distributions.py::test_independent_distribution[laplace]
tests/test_stats_distributions.py::test_independent_distribution[uniform]
tests/test_stats_distributions.py::test_independent_distribution[chi2]
tests/test_stats_distributions.py::test_independent_distribution[t]
tests/test_stats_distributions.py::test_independent_distribution[cauchy]
tests/test_stats_distributions.py::test_independent_distribution[dirichlet]
tests/test_stats_distributions.py::test_independent_distribution[multivariate_normal]
tests/test_stats_distributions.py::test_independent_distribution[bernoulli]
tests/test_stats_distributions.py::test_independent_distribution[binomial]
tests/test_stats_distributions.py::test_independent_distribution[categorical]
tests/test_stats_distributions.py::test_independent_distribution[poisson]
tests/test_stats_distributions.py::test_independent_distribution[geometric]
tests/test_stats_distributions.py::test_independent_distribution[dirac]
tests/test_stats_distributions.py::test_mixed_independent_distribution[norm-gamma]
tests/test_stats_distributions.py::test_mixed_independent_distribution[norm-beta]
tests/test_stats_distributions.py::test_mixed_independent_distribution[norm-expon]
tests/test_stats_distributions.py::test_mixed_independent_distribution[norm-laplace]
tests/test_stats_distributions.py::test_mixed_independent_distribution[norm-uniform]
tests/test_stats_distributions.py::test_mixed_independent_distribution[norm-chi2]
tests/test_stats_distributions.py::test_mixed_independent_distribution[norm-t]
tests/test_stats_distributions.py::test_mixed_independent_distribution[norm-cauchy]
tests/test_stats_distributions.py::test_mixed_independent_distribution[norm-dirichlet]
tests/test_stats_distributions.py::test_mixed_independent_distribution[norm-multivariate_normal]
tests/test_stats_distributions.py::test_mixed_independent_distribution[norm-bernoulli]
tests/test_stats_distributions.py::test_mixed_independent_distribution[norm-binomial]
tests/test_stats_distributions.py::test_mixed_independent_distribution[norm-categorical]
tests/test_stats_distributions.py::test_mixed_independent_distribution[norm-poisson]
tests/test_stats_distributions.py::test_mixed_independent_distribution[norm-geometric]
tests/test_stats_distributions.py::test_mixed_independent_distribution[norm-dirac]
tests/test_stats_distributions.py::test_mixed_independent_distribution[gamma-beta]
tests/test_stats_distributions.py::test_mixed_independent_distribution[gamma-expon]
tests/test_stats_distributions.py::test_mixed_independent_distribution[gamma-laplace]
tests/test_stats_distributions.py::test_mixed_independent_distribution[gamma-uniform]
tests/test_stats_distributions.py::test_mixed_independent_distribution[gamma-chi2]
tests/test_stats_distributions.py::test_mixed_independent_distribution[gamma-t]
tests/test_stats_distributions.py::test_mixed_independent_distribution[gamma-cauchy]
tests/test_stats_distributions.py::test_mixed_independent_distribution[gamma-dirichlet]
tests/test_stats_distributions.py::test_mixed_independent_distribution[gamma-multivariate_normal]
tests/test_stats_distributions.py::test_mixed_independent_distribution[gamma-bernoulli]
tests/test_stats_distributions.py::test_mixed_independent_distribution[gamma-binomial]
tests/test_stats_distributions.py::test_mixed_independent_distribution[gamma-categorical]
tests/test_stats_distributions.py::test_mixed_independent_distribution[gamma-poisson]
tests/test_stats_distributions.py::test_mixed_independent_distribution[gamma-geometric]
tests/test_stats_distributions.py::test_mixed_independent_distribution[gamma-dirac]
tests/test_stats_distributions.py::test_mixed_independent_distribution[beta-expon]
tests/test_stats_distributions.py::test_mixed_independent_distribution[beta-laplace]
tests/test_stats_distributions.py::test_mixed_independent_distribution[beta-uniform]
tests/test_stats_distributions.py::test_mixed_independent_distribution[beta-chi2]
tests/test_stats_distributions.py::test_mixed_independent_distribution[beta-t]
tests/test_stats_distributions.py::test_mixed_independent_distribution[beta-cauchy]
tests/test_stats_distributions.py::test_mixed_independent_distribution[beta-dirichlet]
tests/test_stats_distributions.py::test_mixed_independent_distribution[beta-multivariate_normal]
tests/test_stats_distributions.py::test_mixed_independent_distribution[beta-bernoulli]
tests/test_stats_distributions.py::test_mixed_independent_distribution[beta-binomial]
tests/test_stats_distributions.py::test_mixed_independent_distribution[beta-categorical]
tests/test_stats_distributions.py::test_mixed_independent_distribution[beta-poisson]
tests/test_stats_distributions.py::test_mixed_independent_distribution[beta-geometric]
tests/test_stats_distributions.py::test_mixed_independent_distribution[beta-dirac]
tests/test_stats_distributions.py::test_mixed_independent_distribution[expon-laplace]
tests/test_stats_distributions.py::test_mixed_independent_distribution[expon-uniform]
tests/test_stats_distributions.py::test_mixed_independent_distribution[expon-chi2]
tests/test_stats_distributions.py::test_mixed_independent_distribution[expon-t]
tests/test_stats_distributions.py::test_mixed_independent_distribution[expon-cauchy]
tests/test_stats_distributions.py::test_mixed_independent_distribution[expon-dirichlet]
tests/test_stats_distributions.py::test_mixed_independent_distribution[expon-multivariate_normal]
tests/test_stats_distributions.py::test_mixed_independent_distribution[expon-bernoulli]
tests/test_stats_distributions.py::test_mixed_independent_distribution[expon-binomial]
tests/test_stats_distributions.py::test_mixed_independent_distribution[expon-categorical]
tests/test_stats_distributions.py::test_mixed_independent_distribution[expon-poisson]
tests/test_stats_distributions.py::test_mixed_independent_distribution[expon-geometric]
tests/test_stats_distributions.py::test_mixed_independent_distribution[expon-dirac]
tests/test_stats_distributions.py::test_mixed_independent_distribution[laplace-uniform]
tests/test_stats_distributions.py::test_mixed_independent_distribution[laplace-chi2]
tests/test_stats_distributions.py::test_mixed_independent_distribution[laplace-t]
tests/test_stats_distributions.py::test_mixed_independent_distribution[laplace-cauchy]
tests/test_stats_distributions.py::test_mixed_independent_distribution[laplace-dirichlet]
tests/test_stats_distributions.py::test_mixed_independent_distribution[laplace-multivariate_normal]
tests/test_stats_distributions.py::test_mixed_independent_distribution[laplace-bernoulli]
tests/test_stats_distributions.py::test_mixed_independent_distribution[laplace-binomial]
tests/test_stats_distributions.py::test_mixed_independent_distribution[laplace-categorical]
tests/test_stats_distributions.py::test_mixed_independent_distribution[laplace-poisson]
tests/test_stats_distributions.py::test_mixed_independent_distribution[laplace-geometric]
tests/test_stats_distributions.py::test_mixed_independent_distribution[laplace-dirac]
tests/test_stats_distributions.py::test_mixed_independent_distribution[uniform-chi2]
tests/test_stats_distributions.py::test_mixed_independent_distribution[uniform-t]
tests/test_stats_distributions.py::test_mixed_independent_distribution[uniform-cauchy]
tests/test_stats_distributions.py::test_mixed_independent_distribution[uniform-dirichlet]
tests/test_stats_distributions.py::test_mixed_independent_distribution[uniform-multivariate_normal]
tests/test_stats_distributions.py::test_mixed_independent_distribution[uniform-bernoulli]
tests/test_stats_distributions.py::test_mixed_independent_distribution[uniform-binomial]
tests/test_stats_distributions.py::test_mixed_independent_distribution[uniform-categorical]
tests/test_stats_distributions.py::test_mixed_independent_distribution[uniform-poisson]
tests/test_stats_distributions.py::test_mixed_independent_distribution[uniform-geometric]
tests/test_stats_distributions.py::test_mixed_independent_distribution[uniform-dirac]
tests/test_stats_distributions.py::test_mixed_independent_distribution[chi2-t]
tests/test_stats_distributions.py::test_mixed_independent_distribution[chi2-cauchy]
tests/test_stats_distributions.py::test_mixed_independent_distribution[chi2-dirichlet]
tests/test_stats_distributions.py::test_mixed_independent_distribution[chi2-multivariate_normal]
tests/test_stats_distributions.py::test_mixed_independent_distribution[chi2-bernoulli]
tests/test_stats_distributions.py::test_mixed_independent_distribution[chi2-binomial]
tests/test_stats_distributions.py::test_mixed_independent_distribution[chi2-categorical]
tests/test_stats_distributions.py::test_mixed_independent_distribution[chi2-poisson]
tests/test_stats_distributions.py::test_mixed_independent_distribution[chi2-geometric]
tests/test_stats_distributions.py::test_mixed_independent_distribution[chi2-dirac]
tests/test_stats_distributions.py::test_mixed_independent_distribution[t-cauchy]
tests/test_stats_distributions.py::test_mixed_independent_distribution[t-dirichlet]
tests/test_stats_distributions.py::test_mixed_independent_distribution[t-multivariate_normal]
tests/test_stats_distributions.py::test_mixed_independent_distribution[t-bernoulli]
tests/test_stats_distributions.py::test_mixed_independent_distribution[t-binomial]
tests/test_stats_distributions.py::test_mixed_independent_distribution[t-categorical]
tests/test_stats_distributions.py::test_mixed_independent_distribution[t-poisson]
tests/test_stats_distributions.py::test_mixed_independent_distribution[t-geometric]
tests/test_stats_distributions.py::test_mixed_independent_distribution[t-dirac]
tests/test_stats_distributions.py::test_mixed_independent_distribution[cauchy-dirichlet]
tests/test_stats_distributions.py::test_mixed_independent_distribution[cauchy-multivariate_normal]
tests/test_stats_distributions.py::test_mixed_independent_distribution[cauchy-bernoulli]
tests/test_stats_distributions.py::test_mixed_independent_distribution[cauchy-binomial]
tests/test_stats_distributions.py::test_mixed_independent_distribution[cauchy-categorical]
tests/test_stats_distributions.py::test_mixed_independent_distribution[cauchy-poisson]
tests/test_stats_distributions.py::test_mixed_independent_distribution[cauchy-geometric]
tests/test_stats_distributions.py::test_mixed_independent_distribution[cauchy-dirac]
tests/test_stats_distributions.py::test_mixed_independent_distribution[dirichlet-multivariate_normal]
tests/test_stats_distributions.py::test_mixed_independent_distribution[dirichlet-bernoulli]
tests/test_stats_distributions.py::test_mixed_independent_distribution[dirichlet-binomial]
tests/test_stats_distributions.py::test_mixed_independent_distribution[dirichlet-categorical]
tests/test_stats_distributions.py::test_mixed_independent_distribution[dirichlet-poisson]
tests/test_stats_distributions.py::test_mixed_independent_distribution[dirichlet-geometric]
tests/test_stats_distributions.py::test_mixed_independent_distribution[dirichlet-dirac]
tests/test_stats_distributions.py::test_mixed_independent_distribution[multivariate_normal-bernoulli]
tests/test_stats_distributions.py::test_mixed_independent_distribution[multivariate_normal-binomial]
tests/test_stats_distributions.py::test_mixed_independent_distribution[multivariate_normal-categorical]
tests/test_stats_distributions.py::test_mixed_independent_distribution[multivariate_normal-poisson]
tests/test_stats_distributions.py::test_mixed_independent_distribution[multivariate_normal-geometric]
tests/test_stats_distributions.py::test_mixed_independent_distribution[multivariate_normal-dirac]
tests/test_stats_distributions.py::test_mixed_independent_distribution[bernoulli-binomial]
tests/test_stats_distributions.py::test_mixed_independent_distribution[bernoulli-categorical]
tests/test_stats_distributions.py::test_mixed_independent_distribution[bernoulli-poisson]
tests/test_stats_distributions.py::test_mixed_independent_distribution[bernoulli-geometric]
tests/test_stats_distributions.py::test_mixed_independent_distribution[bernoulli-dirac]
tests/test_stats_distributions.py::test_mixed_independent_distribution[binomial-categorical]
tests/test_stats_distributions.py::test_mixed_independent_distribution[binomial-poisson]
tests/test_stats_distributions.py::test_mixed_independent_distribution[binomial-geometric]
tests/test_stats_distributions.py::test_mixed_independent_distribution[binomial-dirac]
tests/test_stats_distributions.py::test_mixed_independent_distribution[categorical-poisson]
tests/test_stats_distributions.py::test_mixed_independent_distribution[categorical-geometric]
tests/test_stats_distributions.py::test_mixed_independent_distribution[categorical-dirac]
tests/test_stats_distributions.py::test_mixed_independent_distribution[poisson-geometric]
tests/test_stats_distributions.py::test_mixed_independent_distribution[poisson-dirac]
tests/test_stats_distributions.py::test_mixed_independent_distribution[geometric-dirac]
tests/test_stats_distributions.py::test_mixture_distribution[norm]
tests/test_stats_distributions.py::test_mixture_distribution[gamma]
tests/test_stats_distributions.py::test_mixture_distribution[beta]
tests/test_stats_distributions.py::test_mixture_distribution[expon]
tests/test_stats_distributions.py::test_mixture_distribution[laplace]
tests/test_stats_distributions.py::test_mixture_distribution[uniform]
tests/test_stats_distributions.py::test_mixture_distribution[chi2]
tests/test_stats_distributions.py::test_mixture_distribution[t]
tests/test_stats_distributions.py::test_mixture_distribution[cauchy]
tests/test_stats_distributions.py::test_mixture_distribution[dirichlet]
tests/test_stats_distributions.py::test_mixture_distribution[multivariate_normal]
tests/test_stats_distributions.py::test_mixture_distribution[bernoulli]
tests/test_stats_distributions.py::test_mixture_distribution[binomial]
tests/test_stats_distributions.py::test_mixture_distribution[categorical]
tests/test_stats_distributions.py::test_mixture_distribution[poisson]
tests/test_stats_distributions.py::test_mixture_distribution[geometric]
tests/test_stats_distributions.py::test_mixture_distribution[dirac]
tests/test_stats_distributions.py::test_mixture_em_gaussian
tests/test_stats_distributions.py::test_mixture_em_vonmises
tests/test_stats_distributions.py::test_mixture_em_multivariate_gaussian
tests/test_stats_distributions.py::test_truncnorm_sampling_with_bounds
tests/test_stats_distributions.py::test_pareto_sampling_matches_moment
tests/test_stats_distributions.py::test_geometric_rvs_and_logpdf_alignment
tests/test_stats_distributions.py::test_transformed_distribution[dist0]
tests/test_stats_distributions.py::test_transformed_distribution[dist1]
tests/test_stats_distributions.py::test_transformed_distribution[dist2]
tests/test_stats_distributions.py::test_transformed_distribution[dist3]
tests/test_stats_distributions.py::test_transformed_distribution[dist4]
tests/test_stats_distributions.py::test_transformed_distribution[dist5]
tests/test_stats_distributions.py::test_transformed_distribution[dist6]
tests/test_stats_distributions.py::test_transformed_distribution[dist7]
tests/test_stats_distributions.py::test_transformed_distribution[dist8]
tests/test_stats_distributions.py::test_transformed_distribution[dist9]
tests/test_stats_distributions.py::test_transformed_distribution[dist10]
tests/test_stats_distributions.py::test_kl_divergence[norm-gamma]
tests/test_stats_distributions.py::test_kl_divergence[norm-beta]
tests/test_stats_distributions.py::test_kl_divergence[norm-expon]
tests/test_stats_distributions.py::test_kl_divergence[norm-laplace]
tests/test_stats_distributions.py::test_kl_divergence[norm-uniform]
tests/test_stats_distributions.py::test_kl_divergence[norm-chi2]
tests/test_stats_distributions.py::test_kl_divergence[norm-t]
tests/test_stats_distributions.py::test_kl_divergence[norm-cauchy]
tests/test_stats_distributions.py::test_kl_divergence[norm-dirichlet]
tests/test_stats_distributions.py::test_kl_divergence[norm-multivariate_normal]
tests/test_stats_distributions.py::test_kl_divergence[norm-bernoulli]
tests/test_stats_distributions.py::test_kl_divergence[norm-binomial]
tests/test_stats_distributions.py::test_kl_divergence[norm-categorical]
tests/test_stats_distributions.py::test_kl_divergence[norm-poisson]
tests/test_stats_distributions.py::test_kl_divergence[norm-geometric]
tests/test_stats_distributions.py::test_kl_divergence[norm-dirac]
tests/test_stats_distributions.py::test_kl_divergence[gamma-beta]
tests/test_stats_distributions.py::test_kl_divergence[gamma-expon]
tests/test_stats_distributions.py::test_kl_divergence[gamma-laplace]
tests/test_stats_distributions.py::test_kl_divergence[gamma-uniform]
tests/test_stats_distributions.py::test_kl_divergence[gamma-chi2]
tests/test_stats_distributions.py::test_kl_divergence[gamma-t]
tests/test_stats_distributions.py::test_kl_divergence[gamma-cauchy]
tests/test_stats_distributions.py::test_kl_divergence[gamma-dirichlet]
tests/test_stats_distributions.py::test_kl_divergence[gamma-multivariate_normal]
tests/test_stats_distributions.py::test_kl_divergence[gamma-bernoulli]
tests/test_stats_distributions.py::test_kl_divergence[gamma-binomial]
tests/test_stats_distributions.py::test_kl_divergence[gamma-categorical]
tests/test_stats_distributions.py::test_kl_divergence[gamma-poisson]
tests/test_stats_distributions.py::test_kl_divergence[gamma-geometric]
tests/test_stats_distributions.py::test_kl_divergence[gamma-dirac]
tests/test_stats_distributions.py::test_kl_divergence[beta-expon]
tests/test_stats_distributions.py::test_kl_divergence[beta-laplace]
tests/test_stats_distributions.py::test_kl_divergence[beta-uniform]
tests/test_stats_distributions.py::test_kl_divergence[beta-chi2]
tests/test_stats_distributions.py::test_kl_divergence[beta-t]
tests/test_stats_distributions.py::test_kl_divergence[beta-cauchy]
tests/test_stats_distributions.py::test_kl_divergence[beta-dirichlet]
tests/test_stats_distributions.py::test_kl_divergence[beta-multivariate_normal]
tests/test_stats_distributions.py::test_kl_divergence[beta-bernoulli]
tests/test_stats_distributions.py::test_kl_divergence[beta-binomial]
tests/test_stats_distributions.py::test_kl_divergence[beta-categorical]
tests/test_stats_distributions.py::test_kl_divergence[beta-poisson]
tests/test_stats_distributions.py::test_kl_divergence[beta-geometric]
tests/test_stats_distributions.py::test_kl_divergence[beta-dirac]
tests/test_stats_distributions.py::test_kl_divergence[expon-laplace]
tests/test_stats_distributions.py::test_kl_divergence[expon-uniform]
tests/test_stats_distributions.py::test_kl_divergence[expon-chi2]
tests/test_stats_distributions.py::test_kl_divergence[expon-t]
tests/test_stats_distributions.py::test_kl_divergence[expon-cauchy]
tests/test_stats_distributions.py::test_kl_divergence[expon-dirichlet]
tests/test_stats_distributions.py::test_kl_divergence[expon-multivariate_normal]
tests/test_stats_distributions.py::test_kl_divergence[expon-bernoulli]
tests/test_stats_distributions.py::test_kl_divergence[expon-binomial]
tests/test_stats_distributions.py::test_kl_divergence[expon-categorical]
tests/test_stats_distributions.py::test_kl_divergence[expon-poisson]
tests/test_stats_distributions.py::test_kl_divergence[expon-geometric]
tests/test_stats_distributions.py::test_kl_divergence[expon-dirac]
tests/test_stats_distributions.py::test_kl_divergence[laplace-uniform]
tests/test_stats_distributions.py::test_kl_divergence[laplace-chi2]
tests/test_stats_distributions.py::test_kl_divergence[laplace-t]
tests/test_stats_distributions.py::test_kl_divergence[laplace-cauchy]
tests/test_stats_distributions.py::test_kl_divergence[laplace-dirichlet]
tests/test_stats_distributions.py::test_kl_divergence[laplace-multivariate_normal]
tests/test_stats_distributions.py::test_kl_divergence[laplace-bernoulli]
tests/test_stats_distributions.py::test_kl_divergence[laplace-binomial]
tests/test_stats_distributions.py::test_kl_divergence[laplace-categorical]
tests/test_stats_distributions.py::test_kl_divergence[laplace-poisson]
tests/test_stats_distributions.py::test_kl_divergence[laplace-geometric]
tests/test_stats_distributions.py::test_kl_divergence[laplace-dirac]
tests/test_stats_distributions.py::test_kl_divergence[uniform-chi2]
tests/test_stats_distributions.py::test_kl_divergence[uniform-t]
tests/test_stats_distributions.py::test_kl_divergence[uniform-cauchy]
tests/test_stats_distributions.py::test_kl_divergence[uniform-dirichlet]
tests/test_stats_distributions.py::test_kl_divergence[uniform-multivariate_normal]
tests/test_stats_distributions.py::test_kl_divergence[uniform-bernoulli]
tests/test_stats_distributions.py::test_kl_divergence[uniform-binomial]
tests/test_stats_distributions.py::test_kl_divergence[uniform-categorical]
tests/test_stats_distributions.py::test_kl_divergence[uniform-poisson]
tests/test_stats_distributions.py::test_kl_divergence[uniform-geometric]
tests/test_stats_distributions.py::test_kl_divergence[uniform-dirac]
tests/test_stats_distributions.py::test_kl_divergence[chi2-t]
tests/test_stats_distributions.py::test_kl_divergence[chi2-cauchy]
tests/test_stats_distributions.py::test_kl_divergence[chi2-dirichlet]
tests/test_stats_distributions.py::test_kl_divergence[chi2-multivariate_normal]
tests/test_stats_distributions.py::test_kl_divergence[chi2-bernoulli]
tests/test_stats_distributions.py::test_kl_divergence[chi2-binomial]
tests/test_stats_distributions.py::test_kl_divergence[chi2-categorical]
tests/test_stats_distributions.py::test_kl_divergence[chi2-poisson]
tests/test_stats_distributions.py::test_kl_divergence[chi2-geometric]
tests/test_stats_distributions.py::test_kl_divergence[chi2-dirac]
tests/test_stats_distributions.py::test_kl_divergence[t-cauchy]
tests/test_stats_distributions.py::test_kl_divergence[t-dirichlet]
tests/test_stats_distributions.py::test_kl_divergence[t-multivariate_normal]
tests/test_stats_distributions.py::test_kl_divergence[t-bernoulli]
tests/test_stats_distributions.py::test_kl_divergence[t-binomial]
tests/test_stats_distributions.py::test_kl_divergence[t-categorical]
tests/test_stats_distributions.py::test_kl_divergence[t-poisson]
tests/test_stats_distributions.py::test_kl_divergence[t-geometric]
tests/test_stats_distributions.py::test_kl_divergence[t-dirac]
tests/test_stats_distributions.py::test_kl_divergence[cauchy-dirichlet]
tests/test_stats_distributions.py::test_kl_divergence[cauchy-multivariate_normal]
tests/test_stats_distributions.py::test_kl_divergence[cauchy-bernoulli]
tests/test_stats_distributions.py::test_kl_divergence[cauchy-binomial]
tests/test_stats_distributions.py::test_kl_divergence[cauchy-categorical]
tests/test_stats_distributions.py::test_kl_divergence[cauchy-poisson]
tests/test_stats_distributions.py::test_kl_divergence[cauchy-geometric]
tests/test_stats_distributions.py::test_kl_divergence[cauchy-dirac]
tests/test_stats_distributions.py::test_kl_divergence[dirichlet-multivariate_normal]
tests/test_stats_distributions.py::test_kl_divergence[dirichlet-bernoulli]
tests/test_stats_distributions.py::test_kl_divergence[dirichlet-binomial]
tests/test_stats_distributions.py::test_kl_divergence[dirichlet-categorical]
tests/test_stats_distributions.py::test_kl_divergence[dirichlet-poisson]
tests/test_stats_distributions.py::test_kl_divergence[dirichlet-geometric]
tests/test_stats_distributions.py::test_kl_divergence[dirichlet-dirac]
tests/test_stats_distributions.py::test_kl_divergence[multivariate_normal-bernoulli]
tests/test_stats_distributions.py::test_kl_divergence[multivariate_normal-binomial]
tests/test_stats_distributions.py::test_kl_divergence[multivariate_normal-categorical]
tests/test_stats_distributions.py::test_kl_divergence[multivariate_normal-poisson]
tests/test_stats_distributions.py::test_kl_divergence[multivariate_normal-geometric]
tests/test_stats_distributions.py::test_kl_divergence[multivariate_normal-dirac]
tests/test_stats_distributions.py::test_kl_divergence[bernoulli-binomial]
tests/test_stats_distributions.py::test_kl_divergence[bernoulli-categorical]
tests/test_stats_distributions.py::test_kl_divergence[bernoulli-poisson]
tests/test_stats_distributions.py::test_kl_divergence[bernoulli-geometric]
tests/test_stats_distributions.py::test_kl_divergence[bernoulli-dirac]
tests/test_stats_distributions.py::test_kl_divergence[binomial-categorical]
tests/test_stats_distributions.py::test_kl_divergence[binomial-poisson]
tests/test_stats_distributions.py::test_kl_divergence[binomial-geometric]
tests/test_stats_distributions.py::test_kl_divergence[binomial-dirac]
tests/test_stats_distributions.py::test_kl_divergence[categorical-poisson]
tests/test_stats_distributions.py::test_kl_divergence[categorical-geometric]
tests/test_stats_distributions.py::test_kl_divergence[categorical-dirac]
tests/test_stats_distributions.py::test_kl_divergence[poisson-geometric]
tests/test_stats_distributions.py::test_kl_divergence[poisson-dirac]
tests/test_stats_distributions.py::test_kl_divergence[geometric-dirac]
tests/test_stats_distributions.py::test_wasserstein_distance[dist10-dist20]
tests/test_stats_distributions.py::test_wasserstein_distance[dist11-dist21]
tests/test_stats_distributions.py::test_wasserstein_distance[dist12-dist22]
tests/test_stats_distributions.py::test_wasserstein_distance[dist13-dist23]
tests/test_stats_distributions.py::test_wasserstein_distance[dist14-dist24]
tests/test_stats_distributions.py::test_wasserstein_distance[dist15-dist25]
tests/test_stats_distributions.py::test_wasserstein_distance[dist16-dist26]
tests/test_stats_distributions.py::test_wasserstein_distance[dist17-dist27]
tests/test_stats_distributions.py::test_wasserstein_distance[dist18-dist28]
tests/test_stats_distributions.py::test_wasserstein_distance[dist19-dist29]
tests/test_stats_distributions.py::test_wasserstein_distance[dist110-dist210]
tests/test_stats_distributions.py::test_wasserstein_distance[dist111-dist211]
tests/test_stats_distributions.py::test_wasserstein_distance[dist112-dist212]
tests/test_stats_distributions.py::test_wasserstein_distance[dist113-dist213]
tests/test_stats_distributions.py::test_wasserstein_distance[dist114-dist214]
tests/test_stats_distributions.py::test_wasserstein_distance[dist115-dist215]
tests/test_stats_distributions.py::test_wasserstein_distance[dist116-dist216]
tests/test_stats_distributions.py::test_wasserstein_distance[dist117-dist217]
tests/test_stats_distributions.py::test_wasserstein_distance[dist118-dist218]
tests/test_stats_distributions.py::test_wasserstein_distance[dist119-dist219]
tests/test_stats_distributions.py::test_wasserstein_distance[dist120-dist220]
tests/test_stats_distributions.py::test_wasserstein_distance[dist121-dist221]
tests/test_stats_distributions.py::test_wasserstein_distance[dist122-dist222]
tests/test_stats_distributions.py::test_wasserstein_distance[dist123-dist223]
tests/test_stats_distributions.py::test_wasserstein_distance[dist124-dist224]
tests/test_stats_distributions.py::test_wasserstein_distance[dist125-dist225]
tests/test_stats_distributions.py::test_wasserstein_distance[dist126-dist226]
tests/test_stats_distributions.py::test_wasserstein_distance[dist127-dist227]
tests/test_stats_distributions.py::test_wasserstein_distance[dist128-dist228]
tests/test_stats_distributions.py::test_wasserstein_distance[dist129-dist229]
tests/test_stats_distributions.py::test_wasserstein_distance[dist130-dist230]
tests/test_stats_distributions.py::test_wasserstein_distance[dist131-dist231]
tests/test_stats_distributions.py::test_wasserstein_distance[dist132-dist232]
tests/test_stats_distributions.py::test_wasserstein_distance[dist133-dist233]
tests/test_stats_distributions.py::test_wasserstein_distance[dist134-dist234]
tests/test_stats_distributions.py::test_wasserstein_distance[dist135-dist235]
tests/test_stats_distributions.py::test_wasserstein_distance[dist136-dist236]
tests/test_stats_distributions.py::test_wasserstein_distance[dist137-dist237]
tests/test_stats_distributions.py::test_wasserstein_distance[dist138-dist238]
tests/test_stats_distributions.py::test_wasserstein_distance[dist139-dist239]
tests/test_stats_distributions.py::test_wasserstein_distance[dist140-dist240]
tests/test_stats_distributions.py::test_wasserstein_distance[dist141-dist241]
tests/test_stats_distributions.py::test_wasserstein_distance[dist142-dist242]
tests/test_stats_distributions.py::test_wasserstein_distance[dist143-dist243]
tests/test_stats_distributions.py::test_wasserstein_distance[dist144-dist244]
tests/test_stats_distributions.py::test_wasserstein_distance[dist145-dist245]
tests/test_stats_distributions.py::test_wasserstein_distance[dist146-dist246]
tests/test_stats_distributions.py::test_wasserstein_distance[dist147-dist247]
tests/test_stats_distributions.py::test_wasserstein_distance[dist148-dist248]
tests/test_stats_distributions.py::test_wasserstein_distance[dist149-dist249]
tests/test_stats_distributions.py::test_wasserstein_distance[dist150-dist250]
tests/test_stats_distributions.py::test_wasserstein_distance[dist151-dist251]
tests/test_stats_distributions.py::test_wasserstein_distance[dist152-dist252]
tests/test_stats_distributions.py::test_wasserstein_distance[dist153-dist253]
tests/test_stats_distributions.py::test_wasserstein_distance[dist154-dist254]
tests/test_stats_distributions.py::test_wasserstein_distance[dist155-dist255]
tests/test_stats_distributions.py::test_wasserstein_distance[dist156-dist256]
tests/test_stats_distributions.py::test_wasserstein_distance[dist157-dist257]
tests/test_stats_distributions.py::test_wasserstein_distance[dist158-dist258]
tests/test_stats_distributions.py::test_wasserstein_distance[dist159-dist259]
tests/test_stats_distributions.py::test_wasserstein_distance[dist160-dist260]
tests/test_stats_distributions.py::test_wasserstein_distance[dist161-dist261]
tests/test_stats_distributions.py::test_wasserstein_distance[dist162-dist262]
tests/test_stats_distributions.py::test_wasserstein_distance[dist163-dist263]
tests/test_stats_distributions.py::test_wasserstein_distance[dist164-dist264]
tests/test_stats_distributions.py::test_wasserstein_distance[dist165-dist265]
tests/test_stats_distributions.py::test_wasserstein_distance[dist166-dist266]
tests/test_stats_distributions.py::test_wasserstein_distance[dist167-dist267]
tests/test_stats_distributions.py::test_wasserstein_distance[dist168-dist268]
tests/test_stats_distributions.py::test_wasserstein_distance[dist169-dist269]
tests/test_stats_distributions.py::test_wasserstein_distance[dist170-dist270]
tests/test_stats_distributions.py::test_wasserstein_distance[dist171-dist271]
tests/test_stats_distributions.py::test_wasserstein_distance[dist172-dist272]
tests/test_stats_distributions.py::test_wasserstein_distance[dist173-dist273]
tests/test_stats_distributions.py::test_wasserstein_distance[dist174-dist274]
tests/test_stats_distributions.py::test_wasserstein_distance[dist175-dist275]
tests/test_stats_distributions.py::test_wasserstein_distance[dist176-dist276]
tests/test_stats_distributions.py::test_wasserstein_distance[dist177-dist277]
tests/test_stats_distributions.py::test_wasserstein_distance[dist178-dist278]
tests/test_stats_distributions.py::test_wasserstein_distance[dist179-dist279]
tests/test_stats_distributions.py::test_wasserstein_distance[dist180-dist280]
tests/test_stats_distributions.py::test_wasserstein_distance[dist181-dist281]
tests/test_stats_distributions.py::test_wasserstein_distance[dist182-dist282]
tests/test_stats_distributions.py::test_wasserstein_distance[dist183-dist283]
tests/test_stats_distributions.py::test_wasserstein_distance[dist184-dist284]
tests/test_stats_distributions.py::test_wasserstein_distance[dist185-dist285]
tests/test_stats_distributions.py::test_wasserstein_distance[dist186-dist286]
tests/test_stats_distributions.py::test_wasserstein_distance[dist187-dist287]
tests/test_stats_distributions.py::test_wasserstein_distance[dist188-dist288]
tests/test_stats_distributions.py::test_wasserstein_distance[dist189-dist289]
tests/test_stats_distributions.py::test_wasserstein_distance[dist190-dist290]
tests/test_stats_distributions.py::test_wasserstein_distance[dist191-dist291]
tests/test_stats_distributions.py::test_wasserstein_distance[dist192-dist292]
tests/test_stats_distributions.py::test_wasserstein_distance[dist193-dist293]
tests/test_stats_distributions.py::test_wasserstein_distance[dist194-dist294]
tests/test_stats_distributions.py::test_wasserstein_distance[dist195-dist295]
tests/test_stats_distributions.py::test_wasserstein_distance[dist196-dist296]
tests/test_stats_distributions.py::test_wasserstein_distance[dist197-dist297]
tests/test_stats_distributions.py::test_wasserstein_distance[dist198-dist298]
tests/test_stats_distributions.py::test_wasserstein_distance[dist199-dist299]
tests/test_stats_distributions.py::test_wasserstein_distance[dist1100-dist2100]
tests/test_stats_distributions.py::test_wasserstein_distance[dist1101-dist2101]
tests/test_stats_distributions.py::test_wasserstein_distance[dist1102-dist2102]
tests/test_stats_distributions.py::test_wasserstein_distance[dist1103-dist2103]
tests/test_stats_distributions.py::test_wasserstein_distance[dist1104-dist2104]
tests/test_stats_distributions.py::test_wasserstein_distance[dist1105-dist2105]
tests/test_stats_distributions.py::test_wasserstein_distance[dist1106-dist2106]
tests/test_stats_distributions.py::test_wasserstein_distance[dist1107-dist2107]
tests/test_stats_distributions.py::test_wasserstein_distance[dist1108-dist2108]
tests/test_stats_distributions.py::test_wasserstein_distance[dist1109-dist2109]
tests/test_stats_distributions.py::test_wasserstein_distance[dist1110-dist2110]
tests/test_stats_distributions.py::test_wasserstein_distance[dist1111-dist2111]
tests/test_stats_distributions.py::test_wasserstein_distance[dist1112-dist2112]
tests/test_stats_distributions.py::test_wasserstein_distance[dist1113-dist2113]
tests/test_stats_distributions.py::test_wasserstein_distance[dist1114-dist2114]
tests/test_stats_distributions.py::test_wasserstein_distance[dist1115-dist2115]
tests/test_stats_distributions.py::test_wasserstein_distance[dist1116-dist2116]
tests/test_stats_distributions.py::test_wasserstein_distance[dist1117-dist2117]
tests/test_stats_distributions.py::test_wasserstein_distance[dist1118-dist2118]
tests/test_stats_distributions.py::test_wasserstein_distance[dist1119-dist2119]
tests/test_stats_distributions.py::test_wasserstein_distance[dist1120-dist2120]
tests/test_stats_distributions.py::test_wasserstein_distance[dist1121-dist2121]
tests/test_stats_distributions.py::test_wasserstein_distance[dist1122-dist2122]
tests/test_stats_distributions.py::test_wasserstein_distance[dist1123-dist2123]
tests/test_stats_distributions.py::test_wasserstein_distance[dist1124-dist2124]
tests/test_stats_distributions.py::test_wasserstein_distance[dist1125-dist2125]
tests/test_stats_distributions.py::test_wasserstein_distance[dist1126-dist2126]
tests/test_stats_distributions.py::test_wasserstein_distance[dist1127-dist2127]
tests/test_stats_distributions.py::test_wasserstein_distance[dist1128-dist2128]
tests/test_stats_distributions.py::test_wasserstein_distance[dist1129-dist2129]
tests/test_stats_distributions.py::test_wasserstein_distance[dist1130-dist2130]
tests/test_stats_distributions.py::test_wasserstein_distance[dist1131-dist2131]
tests/test_stats_distributions.py::test_wasserstein_distance[dist1132-dist2132]
tests/test_stats_distributions.py::test_wasserstein_distance[dist1133-dist2133]
tests/test_stats_distributions.py::test_wasserstein_distance[dist1134-dist2134]
tests/test_stats_distributions.py::test_wasserstein_distance[dist1135-dist2135]
tests/test_stats_distributions.py::test_sliced_wasserstein_distance[dist10-dist20]
tests/test_stats_distributions.py::test_sliced_wasserstein_distance[dist11-dist21]
tests/test_stats_distributions.py::test_sliced_wasserstein_distance[dist12-dist22]
tests/test_stats_distributions.py::test_sliced_wasserstein_distance[dist13-dist23]
tests/test_stats_distributions.py::test_sliced_wasserstein_distance[dist14-dist24]
tests/test_stats_distributions.py::test_sliced_wasserstein_distance[dist15-dist25]
tests/test_stats_distributions.py::test_sliced_wasserstein_distance[dist16-dist26]
tests/test_stats_distributions.py::test_sliced_wasserstein_distance[dist17-dist27]
tests/test_stats_distributions.py::test_sliced_wasserstein_distance[dist18-dist28]
tests/test_stats_distributions.py::test_sliced_wasserstein_distance[dist19-dist29]
tests/test_stats_distributions.py::test_sliced_wasserstein_distance[dist110-dist210]
tests/test_stats_distributions.py::test_sliced_wasserstein_distance[dist111-dist211]
tests/test_stats_distributions.py::test_sliced_wasserstein_distance[dist112-dist212]
tests/test_stats_distributions.py::test_sliced_wasserstein_distance[dist113-dist213]
tests/test_stats_distributions.py::test_sliced_wasserstein_distance[dist114-dist214]
tests/test_stats_distributions.py::test_sliced_wasserstein_distance[dist115-dist215]
tests/test_stats_distributions.py::test_sliced_wasserstein_distance[dist116-dist216]
tests/test_stats_distributions.py::test_sliced_wasserstein_distance[dist117-dist217]
tests/test_stats_distributions.py::test_sliced_wasserstein_distance[dist118-dist218]
tests/test_stats_distributions.py::test_sliced_wasserstein_distance[dist119-dist219]
tests/test_stats_distributions.py::test_sliced_wasserstein_distance[dist120-dist220]
tests/test_stats_distributions.py::test_sliced_wasserstein_distance[dist121-dist221]
tests/test_stats_distributions.py::test_sliced_wasserstein_distance[dist122-dist222]
tests/test_stats_distributions.py::test_sliced_wasserstein_distance[dist123-dist223]
tests/test_stats_distributions.py::test_sliced_wasserstein_distance[dist124-dist224]
tests/test_stats_distributions.py::test_sliced_wasserstein_distance[dist125-dist225]
tests/test_stats_distributions.py::test_sliced_wasserstein_distance[dist126-dist226]
tests/test_stats_distributions.py::test_sliced_wasserstein_distance[dist127-dist227]
tests/test_stats_distributions.py::test_sliced_wasserstein_distance[dist128-dist228]
tests/test_stats_distributions.py::test_sliced_wasserstein_distance[dist129-dist229]
tests/test_stats_distributions.py::test_sliced_wasserstein_distance[dist130-dist230]
tests/test_stats_distributions.py::test_sliced_wasserstein_distance[dist131-dist231]
tests/test_stats_distributions.py::test_sliced_wasserstein_distance[dist132-dist232]
tests/test_stats_distributions.py::test_sliced_wasserstein_distance[dist133-dist233]
tests/test_stats_distributions.py::test_sliced_wasserstein_distance[dist134-dist234]
tests/test_stats_distributions.py::test_sliced_wasserstein_distance[dist135-dist235]
tests/test_stats_distributions.py::test_sliced_wasserstein_distance[dist136-dist236]
tests/test_stats_distributions.py::test_sliced_wasserstein_distance[dist137-dist237]
tests/test_stats_distributions.py::test_sliced_wasserstein_distance[dist138-dist238]
tests/test_stats_distributions.py::test_sliced_wasserstein_distance[dist139-dist239]
tests/test_stats_distributions.py::test_sliced_wasserstein_distance[dist140-dist240]
tests/test_stats_distributions.py::test_sliced_wasserstein_distance[dist141-dist241]
tests/test_stats_distributions.py::test_sliced_wasserstein_distance[dist142-dist242]
tests/test_stats_distributions.py::test_sliced_wasserstein_distance[dist143-dist243]
tests/test_stats_distributions.py::test_sliced_wasserstein_distance[dist144-dist244]
tests/test_stats_distributions.py::test_sliced_wasserstein_distance[dist145-dist245]
tests/test_stats_distributions.py::test_sliced_wasserstein_distance[dist146-dist246]
tests/test_stats_distributions.py::test_sliced_wasserstein_distance[dist147-dist247]
tests/test_stats_distributions.py::test_sliced_wasserstein_distance[dist148-dist248]
tests/test_stats_distributions.py::test_sliced_wasserstein_distance[dist149-dist249]
tests/test_stats_distributions.py::test_sliced_wasserstein_distance[dist150-dist250]
tests/test_stats_distributions.py::test_sliced_wasserstein_distance[dist151-dist251]
tests/test_stats_distributions.py::test_sliced_wasserstein_distance[dist152-dist252]
tests/test_stats_distributions.py::test_sliced_wasserstein_distance[dist153-dist253]
tests/test_stats_distributions.py::test_sliced_wasserstein_distance[dist154-dist254]
tests/test_stats_distributions.py::test_sliced_wasserstein_distance[dist155-dist255]
tests/test_stats_distributions.py::test_sliced_wasserstein_distance[dist156-dist256]
tests/test_stats_distributions.py::test_sliced_wasserstein_distance[dist157-dist257]
tests/test_stats_distributions.py::test_sliced_wasserstein_distance[dist158-dist258]
tests/test_stats_distributions.py::test_sliced_wasserstein_distance[dist159-dist259]
tests/test_stats_distributions.py::test_sliced_wasserstein_distance[dist160-dist260]
tests/test_stats_distributions.py::test_sliced_wasserstein_distance[dist161-dist261]
tests/test_stats_distributions.py::test_sliced_wasserstein_distance[dist162-dist262]
tests/test_stats_distributions.py::test_sliced_wasserstein_distance[dist163-dist263]
tests/test_stats_distributions.py::test_sliced_wasserstein_distance[dist164-dist264]
tests/test_stats_distributions.py::test_sliced_wasserstein_distance[dist165-dist265]
tests/test_stats_distributions.py::test_sliced_wasserstein_distance[dist166-dist266]
tests/test_stats_distributions.py::test_sliced_wasserstein_distance[dist167-dist267]
tests/test_stats_distributions.py::test_sliced_wasserstein_distance[dist168-dist268]
tests/test_stats_distributions.py::test_sliced_wasserstein_distance[dist169-dist269]
tests/test_stats_distributions.py::test_sliced_wasserstein_distance[dist170-dist270]
tests/test_stats_distributions.py::test_sliced_wasserstein_distance[dist171-dist271]
tests/test_stats_distributions.py::test_sliced_wasserstein_distance[dist172-dist272]
tests/test_stats_distributions.py::test_sliced_wasserstein_distance[dist173-dist273]
tests/test_stats_distributions.py::test_sliced_wasserstein_distance[dist174-dist274]
tests/test_stats_distributions.py::test_sliced_wasserstein_distance[dist175-dist275]
tests/test_stats_distributions.py::test_sliced_wasserstein_distance[dist176-dist276]
tests/test_stats_distributions.py::test_sliced_wasserstein_distance[dist177-dist277]
tests/test_stats_distributions.py::test_sliced_wasserstein_distance[dist178-dist278]
tests/test_stats_distributions.py::test_sliced_wasserstein_distance[dist179-dist279]
tests/test_stats_distributions.py::test_sliced_wasserstein_distance[dist180-dist280]
tests/test_stats_distributions.py::test_sliced_wasserstein_distance[dist181-dist281]
tests/test_stats_distributions.py::test_sliced_wasserstein_distance[dist182-dist282]
tests/test_stats_distributions.py::test_sliced_wasserstein_distance[dist183-dist283]
tests/test_stats_distributions.py::test_sliced_wasserstein_distance[dist184-dist284]
tests/test_stats_distributions.py::test_sliced_wasserstein_distance[dist185-dist285]
tests/test_stats_distributions.py::test_sliced_wasserstein_distance[dist186-dist286]
tests/test_stats_distributions.py::test_sliced_wasserstein_distance[dist187-dist287]
tests/test_stats_distributions.py::test_sliced_wasserstein_distance[dist188-dist288]
tests/test_stats_distributions.py::test_sliced_wasserstein_distance[dist189-dist289]
tests/test_stats_distributions.py::test_sliced_wasserstein_distance[dist190-dist290]
tests/test_stats_distributions.py::test_sliced_wasserstein_distance[dist191-dist291]
tests/test_stats_distributions.py::test_sliced_wasserstein_distance[dist192-dist292]
tests/test_stats_distributions.py::test_sliced_wasserstein_distance[dist193-dist293]
tests/test_stats_distributions.py::test_sliced_wasserstein_distance[dist194-dist294]
tests/test_stats_distributions.py::test_sliced_wasserstein_distance[dist195-dist295]
tests/test_stats_distributions.py::test_sliced_wasserstein_distance[dist196-dist296]
tests/test_stats_distributions.py::test_sliced_wasserstein_distance[dist197-dist297]
tests/test_stats_distributions.py::test_sliced_wasserstein_distance[dist198-dist298]
tests/test_stats_distributions.py::test_sliced_wasserstein_distance[dist199-dist299]
tests/test_stats_distributions.py::test_sliced_wasserstein_distance[dist1100-dist2100]
tests/test_stats_distributions.py::test_sliced_wasserstein_distance[dist1101-dist2101]
tests/test_stats_distributions.py::test_sliced_wasserstein_distance[dist1102-dist2102]
tests/test_stats_distributions.py::test_sliced_wasserstein_distance[dist1103-dist2103]
tests/test_stats_distributions.py::test_sliced_wasserstein_distance[dist1104-dist2104]
tests/test_stats_distributions.py::test_sliced_wasserstein_distance[dist1105-dist2105]
tests/test_stats_distributions.py::test_sliced_wasserstein_distance[dist1106-dist2106]
tests/test_stats_distributions.py::test_sliced_wasserstein_distance[dist1107-dist2107]
tests/test_stats_distributions.py::test_sliced_wasserstein_distance[dist1108-dist2108]
tests/test_stats_distributions.py::test_sliced_wasserstein_distance[dist1109-dist2109]
tests/test_stats_distributions.py::test_sliced_wasserstein_distance[dist1110-dist2110]
tests/test_stats_distributions.py::test_sliced_wasserstein_distance[dist1111-dist2111]
tests/test_stats_distributions.py::test_sliced_wasserstein_distance[dist1112-dist2112]
tests/test_stats_distributions.py::test_sliced_wasserstein_distance[dist1113-dist2113]
tests/test_stats_distributions.py::test_sliced_wasserstein_distance[dist1114-dist2114]
tests/test_stats_distributions.py::test_sliced_wasserstein_distance[dist1115-dist2115]
tests/test_stats_distributions.py::test_sliced_wasserstein_distance[dist1116-dist2116]
tests/test_stats_distributions.py::test_sliced_wasserstein_distance[dist1117-dist2117]
tests/test_stats_distributions.py::test_sliced_wasserstein_distance[dist1118-dist2118]
tests/test_stats_distributions.py::test_sliced_wasserstein_distance[dist1119-dist2119]
tests/test_stats_distributions.py::test_sliced_wasserstein_distance[dist1120-dist2120]
tests/test_stats_distributions.py::test_sliced_wasserstein_distance[dist1121-dist2121]
tests/test_stats_distributions.py::test_sliced_wasserstein_distance[dist1122-dist2122]
tests/test_stats_distributions.py::test_sliced_wasserstein_distance[dist1123-dist2123]
tests/test_stats_distributions.py::test_sliced_wasserstein_distance[dist1124-dist2124]
tests/test_stats_distributions.py::test_sliced_wasserstein_distance[dist1125-dist2125]
tests/test_stats_distributions.py::test_sliced_wasserstein_distance[dist1126-dist2126]
tests/test_stats_distributions.py::test_sliced_wasserstein_distance[dist1127-dist2127]
tests/test_stats_distributions.py::test_sliced_wasserstein_distance[dist1128-dist2128]
tests/test_stats_distributions.py::test_sliced_wasserstein_distance[dist1129-dist2129]
tests/test_stats_distributions.py::test_sliced_wasserstein_distance[dist1130-dist2130]
tests/test_stats_distributions.py::test_sliced_wasserstein_distance[dist1131-dist2131]
tests/test_stats_distributions.py::test_sliced_wasserstein_distance[dist1132-dist2132]
tests/test_stats_distributions.py::test_sliced_wasserstein_distance[dist1133-dist2133]
tests/test_stats_distributions.py::test_sliced_wasserstein_distance[dist1134-dist2134]
tests/test_stats_distributions.py::test_sliced_wasserstein_distance[dist1135-dist2135]
tests/test_stats_distributions.py::test_max_slice_wasserstein_distance[dist10-dist20]
tests/test_stats_distributions.py::test_max_slice_wasserstein_distance[dist11-dist21]
tests/test_stats_distributions.py::test_max_slice_wasserstein_distance[dist12-dist22]
tests/test_stats_distributions.py::test_max_slice_wasserstein_distance[dist13-dist23]
tests/test_stats_distributions.py::test_max_slice_wasserstein_distance[dist14-dist24]
tests/test_stats_distributions.py::test_max_slice_wasserstein_distance[dist15-dist25]
tests/test_stats_distributions.py::test_max_slice_wasserstein_distance[dist16-dist26]
tests/test_stats_distributions.py::test_max_slice_wasserstein_distance[dist17-dist27]
tests/test_stats_distributions.py::test_max_slice_wasserstein_distance[dist18-dist28]
tests/test_stats_distributions.py::test_max_slice_wasserstein_distance[dist19-dist29]
tests/test_stats_distributions.py::test_max_slice_wasserstein_distance[dist110-dist210]
tests/test_stats_distributions.py::test_max_slice_wasserstein_distance[dist111-dist211]
tests/test_stats_distributions.py::test_max_slice_wasserstein_distance[dist112-dist212]
tests/test_stats_distributions.py::test_max_slice_wasserstein_distance[dist113-dist213]
tests/test_stats_distributions.py::test_max_slice_wasserstein_distance[dist114-dist214]
tests/test_stats_distributions.py::test_max_slice_wasserstein_distance[dist115-dist215]
tests/test_stats_distributions.py::test_max_slice_wasserstein_distance[dist116-dist216]
tests/test_stats_distributions.py::test_max_slice_wasserstein_distance[dist117-dist217]
tests/test_stats_distributions.py::test_max_slice_wasserstein_distance[dist118-dist218]
tests/test_stats_distributions.py::test_max_slice_wasserstein_distance[dist119-dist219]
tests/test_stats_distributions.py::test_max_slice_wasserstein_distance[dist120-dist220]
tests/test_stats_distributions.py::test_max_slice_wasserstein_distance[dist121-dist221]
tests/test_stats_distributions.py::test_max_slice_wasserstein_distance[dist122-dist222]
tests/test_stats_distributions.py::test_max_slice_wasserstein_distance[dist123-dist223]
tests/test_stats_distributions.py::test_max_slice_wasserstein_distance[dist124-dist224]
tests/test_stats_distributions.py::test_max_slice_wasserstein_distance[dist125-dist225]
tests/test_stats_distributions.py::test_max_slice_wasserstein_distance[dist126-dist226]
tests/test_stats_distributions.py::test_max_slice_wasserstein_distance[dist127-dist227]
tests/test_stats_distributions.py::test_max_slice_wasserstein_distance[dist128-dist228]
tests/test_stats_distributions.py::test_max_slice_wasserstein_distance[dist129-dist229]
tests/test_stats_distributions.py::test_max_slice_wasserstein_distance[dist130-dist230]
tests/test_stats_distributions.py::test_max_slice_wasserstein_distance[dist131-dist231]
tests/test_stats_distributions.py::test_max_slice_wasserstein_distance[dist132-dist232]
tests/test_stats_distributions.py::test_max_slice_wasserstein_distance[dist133-dist233]
tests/test_stats_distributions.py::test_max_slice_wasserstein_distance[dist134-dist234]
tests/test_stats_distributions.py::test_max_slice_wasserstein_distance[dist135-dist235]
tests/test_stats_distributions.py::test_max_slice_wasserstein_distance[dist136-dist236]
tests/test_stats_distributions.py::test_max_slice_wasserstein_distance[dist137-dist237]
tests/test_stats_distributions.py::test_max_slice_wasserstein_distance[dist138-dist238]
tests/test_stats_distributions.py::test_max_slice_wasserstein_distance[dist139-dist239]
tests/test_stats_distributions.py::test_max_slice_wasserstein_distance[dist140-dist240]
tests/test_stats_distributions.py::test_max_slice_wasserstein_distance[dist141-dist241]
tests/test_stats_distributions.py::test_max_slice_wasserstein_distance[dist142-dist242]
tests/test_stats_distributions.py::test_max_slice_wasserstein_distance[dist143-dist243]
tests/test_stats_distributions.py::test_max_slice_wasserstein_distance[dist144-dist244]
tests/test_stats_distributions.py::test_max_slice_wasserstein_distance[dist145-dist245]
tests/test_stats_distributions.py::test_max_slice_wasserstein_distance[dist146-dist246]
tests/test_stats_distributions.py::test_max_slice_wasserstein_distance[dist147-dist247]
tests/test_stats_distributions.py::test_max_slice_wasserstein_distance[dist148-dist248]
tests/test_stats_distributions.py::test_max_slice_wasserstein_distance[dist149-dist249]
tests/test_stats_distributions.py::test_max_slice_wasserstein_distance[dist150-dist250]
tests/test_stats_distributions.py::test_max_slice_wasserstein_distance[dist151-dist251]
tests/test_stats_distributions.py::test_max_slice_wasserstein_distance[dist152-dist252]
tests/test_stats_distributions.py::test_max_slice_wasserstein_distance[dist153-dist253]
tests/test_stats_distributions.py::test_max_slice_wasserstein_distance[dist154-dist254]
tests/test_stats_distributions.py::test_max_slice_wasserstein_distance[dist155-dist255]
tests/test_stats_distributions.py::test_max_slice_wasserstein_distance[dist156-dist256]
tests/test_stats_distributions.py::test_max_slice_wasserstein_distance[dist157-dist257]
tests/test_stats_distributions.py::test_max_slice_wasserstein_distance[dist158-dist258]
tests/test_stats_distributions.py::test_max_slice_wasserstein_distance[dist159-dist259]
tests/test_stats_distributions.py::test_max_slice_wasserstein_distance[dist160-dist260]
tests/test_stats_distributions.py::test_max_slice_wasserstein_distance[dist161-dist261]
tests/test_stats_distributions.py::test_max_slice_wasserstein_distance[dist162-dist262]
tests/test_stats_distributions.py::test_max_slice_wasserstein_distance[dist163-dist263]
tests/test_stats_distributions.py::test_max_slice_wasserstein_distance[dist164-dist264]
tests/test_stats_distributions.py::test_max_slice_wasserstein_distance[dist165-dist265]
tests/test_stats_distributions.py::test_max_slice_wasserstein_distance[dist166-dist266]
tests/test_stats_distributions.py::test_max_slice_wasserstein_distance[dist167-dist267]
tests/test_stats_distributions.py::test_max_slice_wasserstein_distance[dist168-dist268]
tests/test_stats_distributions.py::test_max_slice_wasserstein_distance[dist169-dist269]
tests/test_stats_distributions.py::test_max_slice_wasserstein_distance[dist170-dist270]
tests/test_stats_distributions.py::test_max_slice_wasserstein_distance[dist171-dist271]
tests/test_stats_distributions.py::test_max_slice_wasserstein_distance[dist172-dist272]
tests/test_stats_distributions.py::test_max_slice_wasserstein_distance[dist173-dist273]
tests/test_stats_distributions.py::test_max_slice_wasserstein_distance[dist174-dist274]
tests/test_stats_distributions.py::test_max_slice_wasserstein_distance[dist175-dist275]
tests/test_stats_distributions.py::test_max_slice_wasserstein_distance[dist176-dist276]
tests/test_stats_distributions.py::test_max_slice_wasserstein_distance[dist177-dist277]
tests/test_stats_distributions.py::test_max_slice_wasserstein_distance[dist178-dist278]
tests/test_stats_distributions.py::test_max_slice_wasserstein_distance[dist179-dist279]
tests/test_stats_distributions.py::test_max_slice_wasserstein_distance[dist180-dist280]
tests/test_stats_distributions.py::test_max_slice_wasserstein_distance[dist181-dist281]
tests/test_stats_distributions.py::test_max_slice_wasserstein_distance[dist182-dist282]
tests/test_stats_distributions.py::test_max_slice_wasserstein_distance[dist183-dist283]
tests/test_stats_distributions.py::test_max_slice_wasserstein_distance[dist184-dist284]
tests/test_stats_distributions.py::test_max_slice_wasserstein_distance[dist185-dist285]
tests/test_stats_distributions.py::test_max_slice_wasserstein_distance[dist186-dist286]
tests/test_stats_distributions.py::test_max_slice_wasserstein_distance[dist187-dist287]
tests/test_stats_distributions.py::test_max_slice_wasserstein_distance[dist188-dist288]
tests/test_stats_distributions.py::test_max_slice_wasserstein_distance[dist189-dist289]
tests/test_stats_distributions.py::test_max_slice_wasserstein_distance[dist190-dist290]
tests/test_stats_distributions.py::test_max_slice_wasserstein_distance[dist191-dist291]
tests/test_stats_distributions.py::test_max_slice_wasserstein_distance[dist192-dist292]
tests/test_stats_distributions.py::test_max_slice_wasserstein_distance[dist193-dist293]
tests/test_stats_distributions.py::test_max_slice_wasserstein_distance[dist194-dist294]
tests/test_stats_distributions.py::test_max_slice_wasserstein_distance[dist195-dist295]
tests/test_stats_distributions.py::test_max_slice_wasserstein_distance[dist196-dist296]
tests/test_stats_distributions.py::test_max_slice_wasserstein_distance[dist197-dist297]
tests/test_stats_distributions.py::test_max_slice_wasserstein_distance[dist198-dist298]
tests/test_stats_distributions.py::test_max_slice_wasserstein_distance[dist199-dist299]
tests/test_stats_distributions.py::test_max_slice_wasserstein_distance[dist1100-dist2100]
tests/test_stats_distributions.py::test_max_slice_wasserstein_distance[dist1101-dist2101]
tests/test_stats_distributions.py::test_max_slice_wasserstein_distance[dist1102-dist2102]
tests/test_stats_distributions.py::test_max_slice_wasserstein_distance[dist1103-dist2103]
tests/test_stats_distributions.py::test_max_slice_wasserstein_distance[dist1104-dist2104]
tests/test_stats_distributions.py::test_max_slice_wasserstein_distance[dist1105-dist2105]
tests/test_stats_distributions.py::test_max_slice_wasserstein_distance[dist1106-dist2106]
tests/test_stats_distributions.py::test_max_slice_wasserstein_distance[dist1107-dist2107]
tests/test_stats_distributions.py::test_max_slice_wasserstein_distance[dist1108-dist2108]
tests/test_stats_distributions.py::test_max_slice_wasserstein_distance[dist1109-dist2109]
tests/test_stats_distributions.py::test_max_slice_wasserstein_distance[dist1110-dist2110]
tests/test_stats_distributions.py::test_max_slice_wasserstein_distance[dist1111-dist2111]
tests/test_stats_distributions.py::test_max_slice_wasserstein_distance[dist1112-dist2112]
tests/test_stats_distributions.py::test_max_slice_wasserstein_distance[dist1113-dist2113]
tests/test_stats_distributions.py::test_max_slice_wasserstein_distance[dist1114-dist2114]
tests/test_stats_distributions.py::test_max_slice_wasserstein_distance[dist1115-dist2115]
tests/test_stats_distributions.py::test_max_slice_wasserstein_distance[dist1116-dist2116]
tests/test_stats_distributions.py::test_max_slice_wasserstein_distance[dist1117-dist2117]
tests/test_stats_distributions.py::test_max_slice_wasserstein_distance[dist1118-dist2118]
tests/test_stats_distributions.py::test_max_slice_wasserstein_distance[dist1119-dist2119]
tests/test_stats_distributions.py::test_max_slice_wasserstein_distance[dist1120-dist2120]
tests/test_stats_distributions.py::test_max_slice_wasserstein_distance[dist1121-dist2121]
tests/test_stats_distributions.py::test_max_slice_wasserstein_distance[dist1122-dist2122]
tests/test_stats_distributions.py::test_max_slice_wasserstein_distance[dist1123-dist2123]
tests/test_stats_distributions.py::test_max_slice_wasserstein_distance[dist1124-dist2124]
tests/test_stats_distributions.py::test_max_slice_wasserstein_distance[dist1125-dist2125]
tests/test_stats_distributions.py::test_max_slice_wasserstein_distance[dist1126-dist2126]
tests/test_stats_distributions.py::test_max_slice_wasserstein_distance[dist1127-dist2127]
tests/test_stats_distributions.py::test_max_slice_wasserstein_distance[dist1128-dist2128]
tests/test_stats_distributions.py::test_max_slice_wasserstein_distance[dist1129-dist2129]
tests/test_stats_distributions.py::test_max_slice_wasserstein_distance[dist1130-dist2130]
tests/test_stats_distributions.py::test_max_slice_wasserstein_distance[dist1131-dist2131]
tests/test_stats_distributions.py::test_max_slice_wasserstein_distance[dist1132-dist2132]
tests/test_stats_distributions.py::test_max_slice_wasserstein_distance[dist1133-dist2133]
tests/test_stats_distributions.py::test_max_slice_wasserstein_distance[dist1134-dist2134]
tests/test_stats_distributions.py::test_max_slice_wasserstein_distance[dist1135-dist2135]
tests/test_stats_distributions.py::test_watson_samples_live_on_sphere
tests/test_stats_distributions.py::test_watson_logpdf_symmetry_and_uniform_limit
tests/test_stats_distributions.py::test_watson_natural_parameter_shape
tests/test_stats_distributions.py::test_bingham_samples_live_on_sphere
tests/test_stats_distributions.py::test_bingham_logpdf_symmetry_and_uniform_limit
tests/test_stats_distributions.py::test_bingham_natural_parameter_shape
tests/test_stats_distributions.py::test_watson_fit_estimates_direction
tests/test_stats_distributions.py::test_bingham_fit_estimates_orientation
tests/test_stats_fit.py::test_fit_functional_dict_batch
tests/test_stats_fit.py::test_flow_fit_trains_in_place_and_stays_normalized
tests/test_stats_fit.py::test_flow_fit_conditional
tests/test_stats_fit.py::test_flow_matcher_fit
tests/test_stats_fit.py::test_fit_does_not_unroll_over_num_steps
tests/test_stats_fit.py::test_fit_reproduces_the_reference_update_sequence
tests/test_stats_fit.py::test_fit_array_and_iterable_agree_on_identical_batches
tests/test_stats_fit.py::test_fit_restarts_a_short_iterable
tests/test_stats_fit.py::test_fit_accepts_an_endless_generator
tests/test_stats_fit.py::test_fit_rejects_batch_size_for_an_iterable
tests/test_stats_fit.py::test_fit_reports_a_ragged_batch_clearly
tests/test_stats_fit.py::test_fit_reports_an_exhausted_iterator_clearly
tests/test_stats_fit.py::test_batch_stream_classification_is_fixed_not_inferred
tests/test_stats_fit.py::test_flow_fit_from_an_iterable_matches_an_array_run
tests/test_stats_fit.py::test_flow_fit_from_an_iterable_of_context_pairs
tests/test_stats_fit.py::test_flow_fit_streams_a_list_of_arrays_rather_than_stacking_it
tests/test_stats_fit.py::test_fit_on_step_callback_fires_and_stops
tests/test_stats_fit.py::test_fit_on_step_runs_to_the_end_when_it_never_stops
tests/test_stats_flexible_families.py::test_density_integrates_to_one[mixture]
tests/test_stats_flexible_families.py::test_density_integrates_to_one[logistic-mixture]
tests/test_stats_flexible_families.py::test_density_integrates_to_one[histogram]
tests/test_stats_flexible_families.py::test_density_integrates_to_one[tailed-histogram]
tests/test_stats_flexible_families.py::test_density_integrates_to_one[spline-normal]
tests/test_stats_flexible_families.py::test_cdf_spans_the_unit_interval[mixture]
tests/test_stats_flexible_families.py::test_cdf_spans_the_unit_interval[logistic-mixture]
tests/test_stats_flexible_families.py::test_cdf_spans_the_unit_interval[histogram]
tests/test_stats_flexible_families.py::test_cdf_spans_the_unit_interval[tailed-histogram]
tests/test_stats_flexible_families.py::test_cdf_spans_the_unit_interval[spline-normal]
tests/test_stats_flexible_families.py::test_cdf_is_monotone[mixture]
tests/test_stats_flexible_families.py::test_cdf_is_monotone[logistic-mixture]
tests/test_stats_flexible_families.py::test_cdf_is_monotone[histogram]
tests/test_stats_flexible_families.py::test_cdf_is_monotone[tailed-histogram]
tests/test_stats_flexible_families.py::test_cdf_is_monotone[spline-normal]
tests/test_stats_flexible_families.py::test_quantile_roundtrips[mixture]
tests/test_stats_flexible_families.py::test_quantile_roundtrips[logistic-mixture]
tests/test_stats_flexible_families.py::test_quantile_roundtrips[histogram]
tests/test_stats_flexible_families.py::test_quantile_roundtrips[tailed-histogram]
tests/test_stats_flexible_families.py::test_quantile_roundtrips[spline-normal]
tests/test_stats_flexible_families.py::test_sampler_agrees_with_its_own_cdf[mixture]
tests/test_stats_flexible_families.py::test_sampler_agrees_with_its_own_cdf[logistic-mixture]
tests/test_stats_flexible_families.py::test_sampler_agrees_with_its_own_cdf[histogram]
tests/test_stats_flexible_families.py::test_sampler_agrees_with_its_own_cdf[tailed-histogram]
tests/test_stats_flexible_families.py::test_sampler_agrees_with_its_own_cdf[spline-normal]
tests/test_stats_flexible_families.py::test_batched_parameters_broadcast[mixture]
tests/test_stats_flexible_families.py::test_batched_parameters_broadcast[logistic-mixture]
tests/test_stats_flexible_families.py::test_batched_parameters_broadcast[histogram]
tests/test_stats_flexible_families.py::test_batched_parameters_broadcast[tailed-histogram]
tests/test_stats_flexible_families.py::test_batched_parameters_broadcast[spline-normal]
tests/test_stats_flexible_families.py::test_works_under_jit_and_vmap[mixture]
tests/test_stats_flexible_families.py::test_works_under_jit_and_vmap[logistic-mixture]
tests/test_stats_flexible_families.py::test_works_under_jit_and_vmap[histogram]
tests/test_stats_flexible_families.py::test_works_under_jit_and_vmap[tailed-histogram]
tests/test_stats_flexible_families.py::test_works_under_jit_and_vmap[spline-normal]
tests/test_stats_flexible_families.py::test_logpdf_is_differentiable[mixture]
tests/test_stats_flexible_families.py::test_logpdf_is_differentiable[logistic-mixture]
tests/test_stats_flexible_families.py::test_logpdf_is_differentiable[histogram]
tests/test_stats_flexible_families.py::test_logpdf_is_differentiable[tailed-histogram]
tests/test_stats_flexible_families.py::test_logpdf_is_differentiable[spline-normal]
tests/test_stats_flexible_families.py::test_histogram_has_zero_density_outside_its_domain
tests/test_stats_flexible_families.py::test_tailed_histogram_keeps_unbounded_support
tests/test_stats_flexible_families.py::test_flat_histogram_is_uniform
tests/test_stats_flexible_families.py::test_spline_with_identity_knots_is_standard_normal
tests/test_stats_flexible_families.py::test_mixture_recovers_a_single_component
tests/test_stats_flexible_families.py::test_mixture_ppf_reports_the_infinite_boundaries
tests/test_stats_flexible_families.py::test_param_sizes_matches_the_accepted_shapes[dist0-hyper0-7]
tests/test_stats_flexible_families.py::test_param_sizes_matches_the_accepted_shapes[dist1-hyper1-12]
tests/test_stats_flexible_families.py::test_param_sizes_matches_the_accepted_shapes[dist2-hyper2-12]
tests/test_stats_flexible_families.py::test_param_sizes_matches_the_accepted_shapes[dist3-hyper3-6]
tests/test_stats_transforms.py::test_transformed_distribution_affine_matches_analytic
tests/test_stats_transforms.py::test_transformed_distribution_round_trip_on_flow_base
tests/test_stats_transforms.py::test_transformed_distribution_stacks
tests/test_stats_transforms.py::test_ensure_invertible_passthrough_and_wrap
tests/test_stats_transforms.py::test_forward_and_logdet_matches_inverse
tests/test_stats_transforms.py::test_frozen_transformed_fast_path_matches_auto_inversion
tests/test_stats_transforms.py::test_frozen_transformed_accepts_neural_bases
tests/test_temporal_smc.py::test_gaussian_likelihood_and_smoothing_match_joint[None]
tests/test_temporal_smc.py::test_gaussian_likelihood_and_smoothing_match_joint[mask1]
tests/test_temporal_smc.py::test_streaming_and_bounded_history[none-gaussian_backend]
tests/test_temporal_smc.py::test_streaming_and_bounded_history[none-pf_backend]
tests/test_temporal_smc.py::test_streaming_and_bounded_history[full-gaussian_backend]
tests/test_temporal_smc.py::test_streaming_and_bounded_history[full-pf_backend]
tests/test_temporal_smc.py::test_streaming_and_bounded_history[1-gaussian_backend]
tests/test_temporal_smc.py::test_streaming_and_bounded_history[1-pf_backend]
tests/test_temporal_smc.py::test_streaming_and_bounded_history[3-gaussian_backend]
tests/test_temporal_smc.py::test_streaming_and_bounded_history[3-pf_backend]
tests/test_temporal_smc.py::test_streaming_and_bounded_history[10-gaussian_backend]
tests/test_temporal_smc.py::test_streaming_and_bounded_history[10-pf_backend]
tests/test_temporal_smc.py::test_pf_increment_uses_normalized_weights
tests/test_temporal_smc.py::test_pf_likelihood_estimate_is_unbiased[0.0]
tests/test_temporal_smc.py::test_pf_likelihood_estimate_is_unbiased[1.0]
tests/test_temporal_smc.py::test_linear_operator_matches_dense_kalman
tests/test_temporal_smc.py::test_ancestry_and_backward_paths
tests/test_temporal_smc.py::test_conditional_smc_preserves_gaussian_smoothing[True]
tests/test_temporal_smc.py::test_conditional_smc_preserves_gaussian_smoothing[False]
tests/test_temporal_smc.py::test_outer_weights_equal_exact_parameter_mixture
tests/test_temporal_smc.py::test_rejuvenation_rejections_preserve_likelihood_and_filter_state[gaussian_backend]
tests/test_temporal_smc.py::test_rejuvenation_rejections_preserve_likelihood_and_filter_state[pf_backend]
tests/test_temporal_smc.py::test_parameter_replay_matches_accepted_parameters_and_streaming
tests/test_temporal_smc.py::test_invalid_shapes_proposals_and_approximate_backend
tests/test_temporal_smc.py::test_empty_run_and_single_state_paths
tests/test_temporal_smc.py::test_pseudo_marginal_moves_preserve_size_biased_auxiliary_law
tests/test_temporal_smc.py::test_replay_does_not_use_future_observations
tests/test_temporal_smc.py::test_observation_conditioned_proposal_and_missing_data
tests/test_temporal_smc.py::test_all_impossible_observations_report_failure
tests/test_temporal_smc.py::test_integer_initial_time_with_fractional_intervals[gaussian_backend]
tests/test_temporal_smc.py::test_integer_initial_time_with_fractional_intervals[pf_backend]

=============================== warnings summary ===============================
tests/test_benchmark_attention_kernels.py:4
  /tmp/probjax-complementary-special/tests/test_benchmark_attention_kernels.py:4: DeprecationWarning: jax.experimental.shard_map is deprecated in v0.8.0. Used jax.shard_map instead.
    from jax.experimental.shard_map import shard_map

../../home/manuel/.local/lib/python3.13/site-packages/_pytest/python.py:124
  /home/manuel/.local/lib/python3.13/site-packages/_pytest/python.py:124: PytestRemovedIn10Warning: Passing a non-Collection iterable to parametrize is deprecated.
  Test: tests/test_stats_distributions.py::test_kl_divergence, argvalues type: combinations
  Please convert to a list or tuple.
  See https://docs.pytest.org/en/stable/deprecations.html#parametrize-iterators
    metafunc.parametrize(*marker.args, **marker.kwargs, _param_mark=marker)

../../home/manuel/.local/lib/python3.13/site-packages/_pytest/python.py:124
  /home/manuel/.local/lib/python3.13/site-packages/_pytest/python.py:124: PytestRemovedIn10Warning: Passing a non-Collection iterable to parametrize is deprecated.
  Test: tests/test_stats_distributions.py::test_wasserstein_distance, argvalues type: combinations
  Please convert to a list or tuple.
  See https://docs.pytest.org/en/stable/deprecations.html#parametrize-iterators
    metafunc.parametrize(*marker.args, **marker.kwargs, _param_mark=marker)

../../home/manuel/.local/lib/python3.13/site-packages/_pytest/python.py:124
  /home/manuel/.local/lib/python3.13/site-packages/_pytest/python.py:124: PytestRemovedIn10Warning: Passing a non-Collection iterable to parametrize is deprecated.
  Test: tests/test_stats_distributions.py::test_sliced_wasserstein_distance, argvalues type: combinations
  Please convert to a list or tuple.
  See https://docs.pytest.org/en/stable/deprecations.html#parametrize-iterators
    metafunc.parametrize(*marker.args, **marker.kwargs, _param_mark=marker)

../../home/manuel/.local/lib/python3.13/site-packages/_pytest/python.py:124
  /home/manuel/.local/lib/python3.13/site-packages/_pytest/python.py:124: PytestRemovedIn10Warning: Passing a non-Collection iterable to parametrize is deprecated.
  Test: tests/test_stats_distributions.py::test_max_slice_wasserstein_distance, argvalues type: combinations
  Please convert to a list or tuple.
  See https://docs.pytest.org/en/stable/deprecations.html#parametrize-iterators
    metafunc.parametrize(*marker.args, **marker.kwargs, _param_mark=marker)

-- Docs: https://docs.pytest.org/en/stable/how-to/capture-warnings.html
4462/4528 tests collected (66 deselected) in 2.31s
